{"stats":{"minecraft:mined":{"minecraft:obsidian":45,"minecraft:granite":46,"minecraft:coal_block":1,"minecraft:nether_wart":41,"minecraft:spawner":3,"minecraft:polished_blackstone_bricks":31,"minecraft:tall_seagrass":1,"minecraft:magma_block":25,"minecraft:fire":149,"minecraft:pumpkin":4,"funmod:uranium_ore":12,"minecraft:orange_bed":5,"minecraft:cut_sandstone":11,"minecraft:red_bed":3,"minecraft:smoker":12,"minecraft:crimson_nylium":8,"minecraft:torch":7,"minecraft:blast_furnace":3,"minecraft:melon":5,"minecraft:dead_bush":1,"minecraft:cyan_bed":1,"minecraft:sugar_cane":24,"minecraft:white_terracotta":73,"byg:soapstone":7,"minecraft:wheat":79,"minecraft:stone_brick_stairs":1,"minecraft:grass":196,"byg:fir_trapdoor":1,"funmod:crimsonite_ore":40,"minecraft:end_stone":44,"minecraft:nether_bricks":7,"byg:aspen_log":30,"minecraft:crimson_roots":4,"minecraft:cartography_table":1,"minecraft:redstone_ore":19,"byg:fir_planks":74,"minecraft:andesite":42,"dynamictrees:oak_branch":114,"minecraft:rail":62,"byg:rocky_stone":19,"dynamictrees:acacia_branch":429,"minecraft:smithing_table":2,"minecraft:glass_pane":1,"minecraft:soul_sand":10,"byg:fir_sapling":15,"minecraft:dandelion":2,"minecraft:tall_grass":14,"minecraft:diorite":25,"minecraft:purple_bed":10,"byg:scoria_stone":21,"byg:aspen_crafting_table":3,"minecraft:spruce_log":94,"byg:azalea":1,"minecraft:gravel":14,"minecraft:cobweb":41,"byg:fir_log":2385,"minecraft:stone_bricks":4,"minecraft:gold_ore":21,"minecraft:fern":1,"minecraft:spruce_planks":2,"minecraft:cobblestone_stairs":1,"minecraft:grass_block":188,"minecraft:cracked_polished_blackstone_bricks":10,"byg:fir_slab":16,"minecraft:gilded_blackstone":3,"minecraft:glowstone":7,"minecraft:iron_ore":204,"minecraft:anvil":1,"minecraft:green_bed":1,"funmod:leafium_ore":9,"minecraft:blackstone":91,"minecraft:orange_terracotta":1,"minecraft:light_gray_terracotta":31,"minecraft:chest":3,"minecraft:nether_quartz_ore":8,"minecraft:cobblestone":37,"minecraft:grindstone":1,"minecraft:oak_planks":2,"minecraft:iron_door":16,"minecraft:wall_torch":9,"minecraft:cauldron":2,"minecraft:seagrass":2,"minecraft:warped_nylium":8,"minecraft:acacia_sapling":1,"funmod:demonite_ore":14,"byg:overgrown_stone":2,"dynamictrees:birch_leaves":4,"minecraft:tnt":9,"byg:cypress_log":6,"minecraft:oak_log":23,"minecraft:acacia_fence":2,"minecraft:sand":118,"minecraft:dirt":200,"minecraft:netherrack":3289,"minecraft:ancient_debris":42,"minecraft:oak_leaves":2,"minecraft:nether_gold_ore":104,"minecraft:diamond_ore":24,"minecraft:crying_obsidian":1,"dynamictrees:birch_branch":270,"minecraft:ladder":1,"minecraft:spruce_leaves":10,"minecraft:sandstone":6,"minecraft:hay_block":33,"minecraft:spruce_sapling":1,"minecraft:furnace":24,"minecraft:polished_basalt":1,"funmod:joy_ore":3,"minecraft:bell":2,"minecraft:bookshelf":160,"minecraft:shroomlight":4,"minecraft:stone":1074,"funmod:insanity_ore":5,"minecraft:basalt":7,"travelersbackpack:standard":1,"minecraft:oak_fence":2,"minecraft:crafting_table":25,"minecraft:blackstone_slab":1,"minecraft:lapis_ore":13,"minecraft:polished_blackstone_brick_stairs":1,"minecraft:air":400,"minecraft:lime_bed":7,"minecraft:sweet_berry_bush":2,"byg:short_grass":5,"minecraft:grass_path":1,"minecraft:coal_ore":305,"minecraft:cracked_stone_bricks":2,"minecraft:mossy_stone_bricks":4,"byg:fir_stairs":39},"minecraft:crafted":{"funmod:crimsonite_leggings":1,"minecraft:yellow_wool":2,"spartanshields:shield_basic_iron":1,"byg:fir_stairs":52,"minecraft:blaze_powder":26,"funmod:crimsonite_pickaxe":2,"travelersbackpack:yellow_sleeping_bag":1,"funmod:demonite_ingot":14,"travelersbackpack:diamond":5,"minecraft:cooked_mutton":33,"byg:aspen_boat":3,"funmod:crimsonite_boots":1,"minecraft:glass":33,"spartanshields:shield_basic_diamond":1,"minecraft:emerald":205,"minecraft:cooked_porkchop":40,"travelersbackpack:standard":3,"minecraft:smithing_table":1,"minecraft:fletching_table":2,"funmod:crimsonite_ingot":21,"minecraft:iron_pickaxe":2,"minecraft:iron_block":3,"minecraft:gold_ingot":79,"minecraft:netherite_ingot":8,"minecraft:experience_bottle":1,"travelersbackpack:blank_upgrade":4,"travelersbackpack:gold_tier_upgrade":1,"funmod:leafium_sword":1,"minecraft:ladder":3,"funmod:demonite_chestplate":1,"minecraft:ender_pearl":36,"minecraft:stone_pickaxe":3,"minecraft:spruce_boat":3,"minecraft:wheat":208,"minecraft:coal_block":1,"byg:fir_trapdoor":4,"funmod:crimsonite_sword":1,"minecraft:glowstone":8,"minecraft:golden_apple":1,"minecraft:wooden_axe":1,"minecraft:iron_leggings":1,"funmod:crimsonite_helmet":1,"funmod:soul_stone":1,"byg:aspen_planks":96,"minecraft:oak_planks":12,"byg:fir_door":3,"funmod:power_crystal":8,"minecraft:warped_planks":52,"minecraft:iron_boots":1,"byg:fir_slab":246,"byg:fir_boat":3,"minecraft:chest":22,"byg:fir_planks":4792,"minecraft:ender_eye":21,"minecraft:smoker":5,"spartanshields:shield_basic_wood":2,"travelersbackpack:iron_tier_upgrade":2,"minecraft:crafting_table":20,"minecraft:spruce_planks":368,"minecraft:wooden_pickaxe":1,"byg:aspen_crafting_table":3,"minecraft:iron_helmet":2,"minecraft:pumpkin_seeds":16,"funmod:uranium_ingot":5,"minecraft:iron_chestplate":2,"minecraft:yellow_dye":2,"minecraft:shield":1,"minecraft:stick":7263,"minecraft:iron_ingot":197,"minecraft:stone_sword":2,"minecraft:shears":1,"travelersbackpack:netherite_tier_upgrade":1,"minecraft:redstone":24,"minecraft:coal":9,"minecraft:furnace":11,"minecraft:iron_axe":1,"minecraft:iron_hoe":1,"minecraft:netherite_scrap":42,"travelersbackpack:diamond_tier_upgrade":1,"minecraft:cooked_beef":40,"travelersbackpack:backpack_tank":4,"minecraft:iron_sword":1,"minecraft:bucket":1,"minecraft:stone_axe":2,"minecraft:air":0,"minecraft:bread":108,"funmod:crimsonite_axe":2,"funmod:leafium_ingot":7,"minecraft:anvil":1,"minecraft:acacia_planks":8,"minecraft:torch":300,"minecraft:lapis_lazuli":12},"minecraft:dropped":{"minecraft:iron_sword":3,"minecraft:lapis_lazuli":12,"minecraft:cooked_beef":1,"minecraft:glass_bottle":1,"minecraft:diamond":4,"minecraft:crafting_table":3,"minecraft:cooked_porkchop":8,"funmod:soul_gel":5,"minecraft:cookie":1,"minecraft:warped_roots":1,"travelersbackpack:iron_tier_upgrade":2,"minecraft:cracked_stone_bricks":1,"minecraft:saddle":1,"funmod:uranium_ore":6,"minecraft:dirt":388,"minecraft:gold_nugget":19,"minecraft:sand":5,"minecraft:sugar":4,"minecraft:iron_pickaxe":3,"minecraft:white_wool":16,"minecraft:bone":7,"minecraft:stone_axe":4,"minecraft:nether_brick":20,"minecraft:wheat":13,"minecraft:obsidian":33,"tombstone:gift":2,"minecraft:rotten_flesh":38,"minecraft:oak_planks":14,"minecraft:glowstone_dust":17,"byg:cypress_sapling":1,"minecraft:blaze_powder":1,"funmod:insanity_shard":2,"minecraft:warped_planks":19,"byg:rocky_stone":26,"funmod:l_essence_of_greed":126,"minecraft:ladder":1,"minecraft:acacia_sapling":3,"minecraft:glass":3,"minecraft:beef":1,"minecraft:warped_wart_block":3,"minecraft:crying_obsidian":6,"minecraft:acacia_fence":1,"minecraft:egg":1,"minecraft:golden_boots":1,"minecraft:iron_ingot":22,"minecraft:wheat_seeds":68,"minecraft:book":41,"minecraft:iron_helmet":3,"minecraft:cobblestone":149,"minecraft:apple":3,"minecraft:granite":11,"minecraft:chainmail_helmet":3,"minecraft:coal":58,"minecraft:gray_wool":1,"minecraft:ink_sac":9,"minecraft:wooden_axe":1,"byg:fir_trapdoor":1,"byg:anthracite":18,"travelersbackpack:blank_upgrade":2,"minecraft:potion":1,"minecraft:chainmail_leggings":2,"minecraft:iron_shovel":1,"minecraft:string":48,"minecraft:acacia_planks":8,"minecraft:spruce_sapling":5,"minecraft:stone_sword":3,"spartanshields:shield_basic_iron":2,"minecraft:iron_boots":4,"minecraft:white_terracotta":8,"minecraft:nether_bricks":7,"minecraft:shroomlight":8,"minecraft:spruce_boat":1,"minecraft:spruce_planks":38,"dungeonsmod:soul_bottle":1,"byg:aspen_sapling":3,"minecraft:sandstone":6,"minecraft:black_wool":1,"minecraft:gold_ore":2,"minecraft:soul_sand":37,"minecraft:oak_log":3,"minecraft:baked_potato":1,"minecraft:ender_pearl":4,"funmod:crimsonite_sword":2,"byg:fir_log":154,"byg:fir_stairs":5,"minecraft:leather":7,"byg:aspen_planks":17,"byg:fir_boat":1,"minecraft:cracked_polished_blackstone_bricks":12,"minecraft:ice":5,"minecraft:mutton":5,"minecraft:crimson_roots":7,"minecraft:cut_sandstone":10,"funmod:essence_of_greed":3,"minecraft:gilded_blackstone":5,"minecraft:polished_blackstone_bricks":30,"byg:aspen_boat":2,"byg:scoria_cobblestone":9,"minecraft:gold_ingot":59,"minecraft:gravel":49,"minecraft:blackstone":48,"minecraft:cooked_mutton":7,"byg:palo_verde_sapling":2,"minecraft:chainmail_chestplate":2,"minecraft:poppy":1,"minecraft:gunpowder":9,"minecraft:beetroot_seeds":3,"minecraft:melon_seeds":3,"minecraft:arrow":6,"minecraft:netherrack":382,"minecraft:water_bucket":1,"minecraft:bread":57,"funmod:joy_shard":3,"dynamictrees:dark_oak_seed":13,"minecraft:spectral_arrow":6,"byg:fir_sapling":10,"minecraft:acacia_log":6,"minecraft:stick":30,"minecraft:diorite":42,"minecraft:torch":14,"tombstone:grave_key":3,"byg:soapstone":1,"minecraft:brown_wool":1,"tombstone:grave_dust":9,"minecraft:fire_charge":4,"minecraft:iron_leggings":2,"minecraft:iron_axe":1,"dynamictrees:acacia_seed":2,"minecraft:dandelion":4,"minecraft:redstone":5,"minecraft:warped_nylium":2,"minecraft:blaze_rod":26,"minecraft:light_gray_wool":5,"byg:fir_planks":105,"minecraft:smoker":1,"minecraft:ender_eye":6,"orcz:ironscrap":1,"minecraft:flint_and_steel":2,"minecraft:filled_map":1,"minecraft:shield":1,"funmod:soul_stone":1,"minecraft:orange_terracotta":1,"minecraft:iron_chestplate":3,"minecraft:andesite":48,"minecraft:purple_bed":1,"minecraft:mossy_stone_bricks":1,"byg:fir_slab":51,"minecraft:stone_pickaxe":6,"minecraft:wooden_pickaxe":3,"byg:aspen_crafting_table":1,"minecraft:magma_cream":1},"minecraft:killed_by":{"minecraft:piglin_brute":1,"minecraft:zombie":5,"minecraft:ender_dragon":6,"minecraft:trader_llama":1,"minecraft:piglin":3,"minecraft:blaze":6,"minecraft:player":12,"minecraft:enderman":1,"minecraft:hoglin":1,"minecraft:skeleton":1},"minecraft:used":{"minecraft:ladder":2,"minecraft:chest":27,"travelersbackpack:diamond":9,"minecraft:soul_sand":24,"funmod:crimsonite_pickaxe":5482,"minecraft:spruce_boat":4,"dynamictrees:birch_branch":270,"minecraft:lava_bucket":9,"byg:fir_log":2312,"minecraft:sweet_berries":27,"minecraft:furnace":29,"minecraft:egg":1,"minecraft:potato":1,"minecraft:wooden_pickaxe":6,"byg:fir_boat":3,"minecraft:golden_apple":1,"minecraft:sand":44,"minecraft:blast_furnace":3,"minecraft:pumpkin_seeds":16,"minecraft:coal_block":1,"travelersbackpack:magma_cube":4,"minecraft:smithing_table":2,"minecraft:stone_sword":26,"minecraft:netherrack":777,"byg:fir_sapling":407,"minecraft:orange_bed":5,"minecraft:torch":295,"minecraft:anvil":1,"funmod:leafium_sword":491,"minecraft:iron_axe":1,"tombstone:gift":6,"minecraft:wheat_seeds":144,"minecraft:water_bucket":144,"minecraft:fletching_table":2,"minecraft:tnt":2,"minecraft:crafting_table":43,"minecraft:red_bed":3,"minecraft:spruce_log":65,"minecraft:oak_log":23,"minecraft:ender_eye":21,"byg:fir_planks":585,"minecraft:diamond_shovel":99,"minecraft:iron_pickaxe":312,"minecraft:spruce_sapling":18,"minecraft:cobblestone":506,"minecraft:potion":1,"byg:fir_trapdoor":3,"travelersbackpack:standard":14,"minecraft:purple_bed":10,"byg:fir_door":1,"minecraft:cooked_porkchop":47,"minecraft:iron_shovel":407,"minecraft:shield":7,"minecraft:iron_sword":256,"minecraft:nether_wart":60,"funmod:crimsonite_sword":1167,"minecraft:bell":2,"minecraft:mutton":2,"byg:aspen_planks":36,"minecraft:obsidian":35,"minecraft:glass":6,"minecraft:stone_bricks":1,"minecraft:hay_block":1,"minecraft:stone_pickaxe":188,"minecraft:oak_planks":1,"minecraft:sugar_cane":52,"minecraft:end_stone":20,"minecraft:cyan_bed":1,"minecraft:bread":61,"minecraft:melon_slice":21,"minecraft:grindstone":1,"dynamictrees:oak_branch":114,"minecraft:air":400,"minecraft:experience_bottle":1,"minecraft:flint_and_steel":9,"minecraft:spruce_planks":182,"byg:aspen_log":30,"minecraft:dirt":92,"byg:aspen_crafting_table":6,"minecraft:iron_hoe":81,"minecraft:wooden_axe":1,"minecraft:golden_carrot":8,"minecraft:cooked_beef":45,"spartanshields:shield_basic_diamond":71,"minecraft:cooked_mutton":32,"funmod:crimsonite_axe":602,"minecraft:baked_potato":5,"minecraft:green_bed":1,"minecraft:lime_bed":5,"byg:fir_slab":212,"minecraft:smoker":14,"minecraft:warped_planks":42,"byg:fir_stairs":92,"tombstone:bag_of_seeds":2,"minecraft:apple":4,"minecraft:map":1,"byg:aspen_boat":9,"spartanshields:shield_basic_iron":3,"minecraft:stone_axe":21,"minecraft:bucket":169,"dynamictrees:acacia_branch":429},"minecraft:broken":{"minecraft:iron_chestplate":1,"minecraft:iron_leggings":1,"minecraft:iron_sword":1,"minecraft:iron_pickaxe":1,"minecraft:iron_helmet":1,"funmod:crimsonite_axe":1,"funmod:crimsonite_pickaxe":1},"minecraft:picked_up":{"minecraft:iron_chestplate":2,"minecraft:anvil":1,"minecraft:smithing_table":2,"minecraft:lead":2,"byg:palo_verde_sapling":2,"minecraft:polished_blackstone_brick_stairs":1,"minecraft:string":104,"byg:fir_boat":2,"minecraft:shroomlight":8,"dynamictrees:dark_oak_seed":13,"minecraft:gold_nugget":375,"minecraft:spruce_planks":534,"minecraft:coal_block":1,"byg:fir_trapdoor":1,"minecraft:melon_slice":21,"byg:fir_sapling":429,"funmod:leafium_ore":9,"minecraft:green_bed":1,"minecraft:acacia_log":8,"funmod:joy_shard":3,"funmod:crimsonite_ore":38,"minecraft:warped_planks":9,"minecraft:cauldron":2,"minecraft:orange_bed":5,"minecraft:polished_basalt":1,"minecraft:white_terracotta":72,"byg:fir_slab":20,"minecraft:blaze_rod":48,"minecraft:magma_block":6,"minecraft:cooked_beef":6,"orcz:orcteeth":8,"minecraft:iron_door":15,"minecraft:water_bucket":2,"minecraft:brown_wool":1,"minecraft:smoker":13,"minecraft:flint":2,"minecraft:rabbit":1,"minecraft:glowstone_dust":25,"minecraft:warped_wart_block":3,"dynamictrees:acacia_seed":5,"minecraft:ink_sac":6,"funmod:demonite_ore":14,"byg:aspen_log":24,"minecraft:granite":11,"minecraft:chainmail_helmet":3,"funmod:essence_of_greed":1,"minecraft:crimson_roots":9,"funmod:insanity_shard":4,"minecraft:crafting_table":28,"minecraft:nether_wart":106,"minecraft:red_bed":3,"minecraft:flint_and_steel":2,"minecraft:iron_shovel":3,"minecraft:cracked_stone_bricks":1,"minecraft:cartography_table":1,"minecraft:beef":55,"minecraft:poppy":1,"minecraft:iron_nugget":27,"minecraft:chest":7,"minecraft:egg":2,"minecraft:sandstone":6,"minecraft:fire_charge":4,"funmod:soul_stone":1,"minecraft:carrot":1,"minecraft:redstone":56,"byg:fir_planks":356,"minecraft:tnt":6,"minecraft:hay_block":73,"minecraft:gold_ingot":28,"minecraft:mutton":38,"minecraft:white_wool":28,"minecraft:rail":68,"minecraft:lime_bed":6,"minecraft:blackstone_slab":1,"minecraft:oak_log":6,"minecraft:ancient_debris":42,"minecraft:stone_bricks":3,"minecraft:warped_stem":13,"minecraft:stone_pickaxe":2,"minecraft:iron_ore":209,"tombstone:bag_of_seeds":1,"minecraft:iron_sword":3,"travelersbackpack:blank_upgrade":4,"minecraft:sweet_berries":9,"minecraft:gravel":47,"minecraft:spruce_sapling":18,"minecraft:spruce_log":92,"minecraft:crying_obsidian":7,"travelersbackpack:standard":1,"funmod:l_essence_of_greed":346,"minecraft:purple_bed":11,"minecraft:slime_ball":5,"minecraft:stone_axe":2,"minecraft:gray_wool":1,"minecraft:warped_roots":1,"minecraft:baked_potato":6,"minecraft:melon_seeds":3,"minecraft:warped_nylium":2,"minecraft:ender_pearl":8,"minecraft:wheat":83,"minecraft:potion":2,"minecraft:gilded_blackstone":3,"minecraft:nether_brick":20,"tombstone:grave_key":1,"minecraft:iron_leggings":2,"funmod:crimsonite_ingot":16,"minecraft:ender_eye":6,"minecraft:iron_pickaxe":2,"minecraft:iron_boots":4,"minecraft:furnace":25,"minecraft:stick":375,"minecraft:acacia_fence":1,"byg:anthracite":18,"minecraft:torch":17,"travelersbackpack:iron_tier_upgrade":1,"minecraft:porkchop":62,"tombstone:grave_dust":5,"minecraft:diorite":24,"funmod:uranium_ore":11,"byg:aspen_sapling":3,"minecraft:rotten_flesh":49,"byg:aspen_crafting_table":4,"minecraft:obsidian":71,"minecraft:blaze_powder":2,"minecraft:cobblestone":824,"minecraft:magma_cream":4,"minecraft:andesite":30,"minecraft:dirt":480,"travelersbackpack:magma_cube":2,"minecraft:lapis_lazuli":76,"minecraft:glass":3,"minecraft:bone":15,"minecraft:wheat_seeds":277,"minecraft:bell":2,"minecraft:grindstone":1,"funmod:soul_gel":5,"minecraft:mossy_stone_bricks":1,"byg:cypress_sapling":1,"minecraft:oak_planks":7,"minecraft:cooked_porkchop":11,"minecraft:sand":127,"minecraft:cyan_bed":1,"minecraft:spectral_arrow":6,"minecraft:light_gray_terracotta":30,"minecraft:sugar":5,"minecraft:spruce_boat":2,"minecraft:diamond":25,"minecraft:cracked_polished_blackstone_bricks":12,"orcz:ironscrap":2,"minecraft:netherrack":1449,"byg:fir_stairs":45,"byg:soapstone":1,"minecraft:ladder":1,"minecraft:wooden_pickaxe":1,"minecraft:iron_axe":1,"minecraft:blackstone":115,"minecraft:light_gray_wool":3,"funmod:crimsonite_sword":4,"minecraft:sugar_cane":52,"minecraft:end_stone":43,"minecraft:polished_blackstone_bricks":42,"minecraft:cookie":1,"minecraft:arrow":21,"minecraft:nether_bricks":7,"byg:aspen_planks":8,"byg:fir_log":2288,"minecraft:saddle":1,"byg:rocky_stone":10,"dungeonsmod:soul_bottle":1,"minecraft:basalt":6,"minecraft:cut_sandstone":10,"minecraft:leather":40,"minecraft:ice":10,"minecraft:chainmail_chestplate":2,"minecraft:gunpowder":5,"minecraft:cobblestone_stairs":1,"minecraft:orange_terracotta":1,"minecraft:cooked_mutton":6,"byg:scoria_cobblestone":9,"minecraft:rabbit_hide":2,"minecraft:iron_ingot":20,"minecraft:acacia_sapling":3,"minecraft:soul_sand":74,"minecraft:book":487,"minecraft:pumpkin":4,"minecraft:quartz":8,"byg:aspen_boat":9,"minecraft:dandelion":6,"minecraft:blast_furnace":3,"minecraft:gold_ore":22,"minecraft:chainmail_leggings":2,"minecraft:iron_helmet":2,"tombstone:magic_scroll":1,"minecraft:black_wool":1,"minecraft:coal":592},"minecraft:custom":{"minecraft:interact_with_crafting_table":141,"minecraft:open_barrel":2,"minecraft:bell_ring":70,"minecraft:leave_game":39,"minecraft:time_since_death":3407,"minecraft:damage_blocked_by_shield":4338,"minecraft:deaths":52,"tombstone:tomb_raiding":1,"minecraft:jump":13852,"minecraft:interact_with_furnace":219,"minecraft:traded_with_villager":274,"minecraft:interact_with_cartography_table":1,"minecraft:sleep_in_bed":20,"tombstone:sneak_grave":2,"minecraft:damage_dealt":69642,"tombstone:undead_killed":104,"minecraft:interact_with_smoker":65,"minecraft:interact_with_smithing_table":8,"minecraft:interact_with_anvil":8,"minecraft:sneak_time":44832,"minecraft:interact_with_blast_furnace":4,"tombstone:raider_killed":3,"minecraft:time_since_rest":2401,"minecraft:swim_one_cm":104535,"minecraft:fly_one_cm":4749517,"minecraft:open_chest":117,"minecraft:fall_one_cm":338467,"minecraft:damage_resisted":20,"minecraft:sprint_one_cm":2337340,"minecraft:drop":594,"minecraft:talked_to_villager":127,"minecraft:interact_with_brewingstand":1,"minecraft:walk_on_water_one_cm":374936,"minecraft:play_one_minute":802439,"minecraft:open_enderchest":2,"minecraft:player_kills":1,"minecraft:crouch_one_cm":184802,"tombstone:villager_killed":4,"minecraft:mob_kills":378,"minecraft:interact_with_campfire":6,"minecraft:damage_dealt_resisted":640,"minecraft:climb_one_cm":10963,"minecraft:walk_one_cm":1604229,"minecraft:walk_under_water_one_cm":107982,"minecraft:boat_one_cm":278706,"minecraft:damage_taken":28390,"minecraft:damage_absorbed":52},"minecraft:killed":{"minecraft:cave_spider":6,"orcz:goblinshield":1,"magma_monsters:magma_monster":7,"orcz:orcshieldiron":2,"minecraft:skeleton":31,"magma_monsters:magma_monster_grunt":11,"minecraft:magma_cube":3,"minecraft:iron_golem":1,"orcz:goblinwerid":2,"minecraft:pillager":3,"minecraft:zombie":54,"orcz:orcsavage_2sword":5,"minecraft:cow":28,"dungeonsmod:rogue":1,"orcz:orcsavagemaceiron":1,"orcz:orcsavageweird":1,"minecraft:husk":11,"minecraft:rabbit":2,"minecraft:wandering_trader":1,"minecraft:enderman":7,"minecraft:zombified_piglin":2,"minecraft:spider":19,"dungeonsmod:anthermite":24,"minecraft:piglin_brute":2,"minecraft:piglin":10,"minecraft:pig":16,"dungeonsmod:pice":3,"minecraft:creeper":14,"minecraft:sheep":28,"minecraft:blaze":50,"minecraft:slime":5,"minecraft:drowned":1,"dungeonsmod:haunter":4,"minecraft:hoglin":6,"minecraft:wither_skeleton":1,"orcz:goblin_2sword":2,"minecraft:villager":3}},"DataVersion":2586}