{"stats":{"minecraft:crafted":{"minecraft:yellow_wool":2,"spartanshields:shield_basic_iron":1,"funmod:crimsonite_pickaxe":1,"travelersbackpack:yellow_sleeping_bag":1,"minecraft:furnace":4,"funmod:demonite_ingot":2,"minecraft:cooked_mutton":6,"byg:aspen_boat":1,"minecraft:glass":33,"spartanshields:shield_basic_diamond":1,"minecraft:iron_boots":1,"minecraft:iron_axe":1,"minecraft:stone_pickaxe":3,"byg:fir_boat":2,"minecraft:chest":1,"minecraft:spruce_boat":2,"byg:fir_planks":176,"minecraft:smoker":1,"spartanshields:shield_basic_wood":2,"minecraft:cooked_beef":13,"minecraft:cooked_porkchop":5,"minecraft:crafting_table":10,"minecraft:spruce_planks":348,"travelersbackpack:backpack_tank":2,"minecraft:iron_helmet":1,"minecraft:wooden_pickaxe":1,"travelersbackpack:standard":1,"funmod:crimsonite_sword":1,"minecraft:bucket":1,"minecraft:stone_axe":2,"minecraft:air":0,"funmod:crimsonite_axe":1,"funmod:leafium_ingot":1,"funmod:uranium_ingot":2,"minecraft:iron_chestplate":1,"minecraft:golden_apple":1,"minecraft:yellow_dye":2,"minecraft:shield":1,"minecraft:stick":36,"minecraft:iron_ingot":72,"funmod:crimsonite_ingot":12,"minecraft:iron_pickaxe":2,"minecraft:wooden_axe":1,"minecraft:stone_sword":2,"minecraft:iron_leggings":1,"minecraft:gold_ingot":20,"minecraft:torch":72,"byg:aspen_planks":28},"minecraft:killed_by":{"minecraft:player":10,"minecraft:skeleton":1,"minecraft:blaze":2,"minecraft:zombie":4},"minecraft:picked_up":{"minecraft:iron_chestplate":1,"funmod:insanity_shard":2,"minecraft:crafting_table":17,"byg:soapstone":1,"minecraft:wheat":1,"minecraft:nether_wart":10,"minecraft:wooden_pickaxe":1,"minecraft:string":9,"byg:fir_boat":2,"minecraft:iron_shovel":1,"minecraft:gold_nugget":66,"minecraft:spruce_planks":534,"minecraft:beef":14,"minecraft:light_gray_wool":2,"minecraft:furnace":18,"byg:fir_sapling":26,"minecraft:stick":35,"funmod:leafium_ore":3,"minecraft:torch":5,"minecraft:porkchop":5,"funmod:joy_shard":3,"minecraft:diorite":18,"funmod:crimsonite_ore":12,"minecraft:redstone":5,"funmod:uranium_ore":2,"byg:fir_planks":90,"byg:aspen_sapling":3,"minecraft:arrow":1,"minecraft:rotten_flesh":9,"minecraft:nether_bricks":6,"byg:aspen_planks":4,"byg:fir_log":252,"minecraft:blaze_rod":6,"minecraft:obsidian":3,"minecraft:mutton":9,"byg:rocky_stone":8,"minecraft:white_wool":4,"minecraft:cobblestone":345,"minecraft:cooked_beef":3,"orcz:orcteeth":3,"minecraft:andesite":9,"minecraft:brown_wool":1,"minecraft:leather":5,"minecraft:smoker":2,"minecraft:ice":5,"minecraft:lapis_lazuli":12,"minecraft:dirt":12,"byg:scoria_cobblestone":4,"minecraft:iron_ingot":4,"minecraft:stone_pickaxe":2,"minecraft:iron_ore":87,"minecraft:soul_sand":10,"minecraft:sweet_berries":9,"minecraft:dandelion":6,"minecraft:gravel":1,"minecraft:sand":33,"minecraft:spruce_sapling":18,"minecraft:ink_sac":6,"minecraft:spruce_log":87,"minecraft:gold_ore":20,"minecraft:crying_obsidian":1,"funmod:l_essence_of_greed":59,"funmod:demonite_ore":2,"minecraft:purple_bed":1,"minecraft:spruce_boat":1,"byg:aspen_log":24,"minecraft:diamond":6,"minecraft:stone_axe":1,"minecraft:chainmail_leggings":1,"orcz:ironscrap":1,"minecraft:baked_potato":6,"minecraft:netherrack":14,"minecraft:coal":151,"minecraft:crimson_roots":4,"minecraft:ender_pearl":1},"minecraft:custom":{"minecraft:mob_kills":71,"minecraft:interact_with_crafting_table":59,"minecraft:open_barrel":2,"minecraft:interact_with_campfire":6,"minecraft:damage_dealt_resisted":607,"minecraft:leave_game":15,"minecraft:time_since_death":787,"minecraft:climb_one_cm":311,"minecraft:damage_resisted":20,"minecraft:sprint_one_cm":454692,"minecraft:walk_one_cm":325759,"minecraft:damage_blocked_by_shield":3178,"minecraft:drop":133,"minecraft:deaths":22,"minecraft:sneak_time":8013,"minecraft:walk_under_water_one_cm":22748,"minecraft:boat_one_cm":202446,"tombstone:tomb_raiding":1,"minecraft:jump":3075,"minecraft:walk_on_water_one_cm":36038,"minecraft:interact_with_furnace":126,"tombstone:raider_killed":3,"minecraft:play_one_minute":203106,"minecraft:sleep_in_bed":6,"minecraft:time_since_rest":1,"minecraft:damage_absorbed":52,"minecraft:damage_taken":10040,"minecraft:damage_dealt":17131,"minecraft:player_kills":1,"minecraft:swim_one_cm":48049,"minecraft:fly_one_cm":463564,"minecraft:open_chest":15,"minecraft:crouch_one_cm":37198,"tombstone:undead_killed":19,"minecraft:interact_with_smoker":7,"minecraft:fall_one_cm":61583},"minecraft:used":{"minecraft:stone_sword":26,"minecraft:iron_shovel":54,"minecraft:flint_and_steel":2,"minecraft:spruce_planks":182,"minecraft:shield":7,"minecraft:iron_sword":256,"funmod:crimsonite_sword":231,"byg:aspen_log":30,"minecraft:torch":54,"minecraft:dirt":3,"minecraft:mutton":2,"funmod:crimsonite_pickaxe":201,"minecraft:obsidian":4,"minecraft:spruce_boat":3,"dynamictrees:birch_branch":72,"minecraft:wooden_axe":1,"minecraft:iron_axe":1,"byg:fir_log":284,"minecraft:sweet_berries":27,"minecraft:furnace":19,"tombstone:gift":4,"minecraft:cooked_beef":16,"minecraft:potato":1,"spartanshields:shield_basic_diamond":24,"minecraft:cooked_mutton":3,"funmod:crimsonite_axe":37,"minecraft:water_bucket":17,"minecraft:baked_potato":5,"minecraft:stone_pickaxe":188,"minecraft:wooden_pickaxe":6,"byg:fir_boat":3,"minecraft:golden_apple":1,"minecraft:crafting_table":24,"minecraft:spruce_log":65,"minecraft:smoker":2,"minecraft:apple":4,"byg:fir_planks":100,"minecraft:iron_pickaxe":312,"minecraft:bread":9,"minecraft:spruce_sapling":18,"byg:aspen_boat":1,"spartanshields:shield_basic_iron":3,"minecraft:stone_axe":21,"travelersbackpack:standard":11,"minecraft:purple_bed":1,"minecraft:cobblestone":183,"minecraft:cooked_porkchop":4,"minecraft:bucket":20,"dynamictrees:oak_branch":114,"minecraft:air":51},"minecraft:mined":{"minecraft:diamond_ore":6,"minecraft:nether_gold_ore":18,"minecraft:crying_obsidian":1,"minecraft:spruce_planks":2,"dynamictrees:birch_branch":72,"funmod:crimsonite_ore":14,"minecraft:obsidian":3,"minecraft:nether_bricks":6,"minecraft:granite":2,"minecraft:grass_block":3,"byg:aspen_log":30,"minecraft:spruce_leaves":5,"minecraft:nether_wart":5,"minecraft:redstone_ore":3,"minecraft:spruce_sapling":1,"minecraft:furnace":20,"minecraft:iron_ore":78,"minecraft:fire":19,"minecraft:andesite":9,"funmod:joy_ore":3,"dynamictrees:oak_branch":114,"byg:rocky_stone":8,"minecraft:stone":369,"funmod:uranium_ore":2,"minecraft:glass_pane":1,"funmod:leafium_ore":3,"minecraft:soul_sand":10,"funmod:insanity_ore":1,"minecraft:smoker":2,"minecraft:dandelion":2,"minecraft:crafting_table":15,"minecraft:torch":1,"minecraft:tall_grass":4,"minecraft:cobblestone":14,"minecraft:lapis_ore":2,"minecraft:diorite":18,"minecraft:wall_torch":3,"minecraft:air":51,"minecraft:purple_bed":1,"byg:soapstone":3,"byg:scoria_stone":7,"funmod:demonite_ore":2,"minecraft:sweet_berry_bush":2,"minecraft:spruce_log":89,"byg:overgrown_stone":2,"minecraft:stone_brick_stairs":1,"minecraft:grass":8,"minecraft:coal_ore":66,"minecraft:gravel":2,"minecraft:dirt":8,"minecraft:sand":33,"minecraft:cobweb":5,"byg:fir_log":293,"minecraft:netherrack":14,"minecraft:gold_ore":20,"minecraft:fern":1},"minecraft:broken":{"minecraft:iron_leggings":1,"minecraft:iron_sword":1,"minecraft:iron_pickaxe":1,"minecraft:iron_helmet":1},"minecraft:killed":{"minecraft:zombified_piglin":1,"minecraft:spider":7,"orcz:orcshieldiron":2,"minecraft:skeleton":4,"minecraft:husk":6,"minecraft:pig":2,"orcz:goblinwerid":2,"dungeonsmod:pice":3,"minecraft:hoglin":1,"minecraft:sheep":6,"minecraft:pillager":3,"minecraft:zombie":8,"orcz:goblin_2sword":2,"minecraft:blaze":15,"minecraft:enderman":1,"minecraft:cow":5},"minecraft:dropped":{"minecraft:bread":1,"minecraft:iron_ingot":10,"funmod:joy_shard":3,"minecraft:baked_potato":1,"minecraft:crafting_table":1,"minecraft:cooked_porkchop":1,"byg:fir_log":84,"minecraft:cobblestone":38,"minecraft:leather":1,"minecraft:apple":3,"byg:fir_sapling":10,"byg:aspen_planks":11,"minecraft:stick":1,"minecraft:dirt":9,"minecraft:diorite":36,"minecraft:ink_sac":9,"minecraft:torch":13,"minecraft:wooden_axe":1,"minecraft:mutton":5,"byg:soapstone":1,"minecraft:crimson_roots":4,"minecraft:brown_wool":1,"minecraft:gold_nugget":3,"minecraft:iron_axe":1,"minecraft:iron_pickaxe":1,"minecraft:chainmail_leggings":1,"minecraft:string":11,"byg:scoria_cobblestone":4,"minecraft:white_wool":1,"minecraft:spruce_sapling":5,"minecraft:dandelion":4,"minecraft:redstone":5,"minecraft:gravel":5,"minecraft:stone_axe":4,"minecraft:stone_sword":3,"spartanshields:shield_basic_iron":2,"minecraft:wheat":2,"tombstone:gift":1,"minecraft:rotten_flesh":9,"byg:fir_planks":48,"minecraft:light_gray_wool":4,"minecraft:iron_boots":1,"minecraft:cooked_mutton":3,"orcz:ironscrap":1,"minecraft:shield":1,"byg:rocky_stone":24,"minecraft:spruce_planks":23,"minecraft:iron_chestplate":1,"byg:aspen_sapling":3,"minecraft:andesite":27,"minecraft:arrow":1,"minecraft:stone_pickaxe":6,"minecraft:wooden_pickaxe":3,"minecraft:netherrack":6}},"DataVersion":2586}