{"stats":{"minecraft:broken":{"minecraft:iron_chestplate":1,"minecraft:iron_leggings":1,"minecraft:iron_sword":1,"minecraft:iron_pickaxe":1,"minecraft:iron_helmet":1},"minecraft:killed_by":{"minecraft:piglin_brute":1,"minecraft:piglin":3,"minecraft:blaze":6,"minecraft:zombie":5,"minecraft:player":11,"minecraft:trader_llama":1,"minecraft:hoglin":1,"minecraft:skeleton":1},"minecraft:killed":{"minecraft:cave_spider":6,"minecraft:zombified_piglin":1,"minecraft:spider":11,"magma_monsters:magma_monster":1,"orcz:orcshieldiron":2,"dungeonsmod:anthermite":4,"minecraft:skeleton":19,"magma_monsters:magma_monster_grunt":1,"minecraft:piglin_brute":2,"minecraft:magma_cube":3,"minecraft:piglin":5,"minecraft:pig":9,"orcz:goblinwerid":2,"dungeonsmod:pice":3,"minecraft:creeper":7,"minecraft:sheep":10,"minecraft:pillager":3,"minecraft:zombie":15,"orcz:orcsavage_2sword":1,"minecraft:blaze":50,"minecraft:cow":13,"minecraft:husk":7,"minecraft:wandering_trader":1,"minecraft:hoglin":6,"orcz:goblin_2sword":2,"minecraft:wither_skeleton":1,"minecraft:villager":3,"minecraft:enderman":3},"minecraft:mined":{"minecraft:spruce_planks":2,"minecraft:obsidian":31,"minecraft:granite":42,"minecraft:grass_block":175,"minecraft:cracked_polished_blackstone_bricks":10,"byg:fir_slab":6,"minecraft:nether_wart":5,"minecraft:spawner":2,"minecraft:gilded_blackstone":3,"minecraft:polished_blackstone_bricks":31,"minecraft:magma_block":8,"minecraft:glowstone":7,"minecraft:iron_ore":197,"minecraft:fire":55,"minecraft:anvil":1,"minecraft:orange_bed":5,"funmod:uranium_ore":12,"funmod:leafium_ore":9,"minecraft:red_bed":2,"minecraft:blackstone":11,"minecraft:crimson_nylium":4,"minecraft:smoker":6,"minecraft:torch":2,"minecraft:chest":1,"minecraft:cobblestone":27,"minecraft:sugar_cane":1,"minecraft:wall_torch":4,"byg:soapstone":7,"minecraft:warped_nylium":8,"minecraft:acacia_sapling":1,"funmod:demonite_ore":12,"minecraft:wheat":1,"byg:overgrown_stone":2,"minecraft:stone_brick_stairs":1,"minecraft:grass":113,"minecraft:oak_log":6,"minecraft:sand":35,"minecraft:dirt":179,"minecraft:netherrack":628,"minecraft:oak_leaves":2,"minecraft:nether_gold_ore":101,"minecraft:diamond_ore":24,"minecraft:crying_obsidian":1,"dynamictrees:birch_branch":72,"funmod:crimsonite_ore":39,"minecraft:nether_bricks":7,"byg:aspen_log":30,"minecraft:crimson_roots":3,"minecraft:spruce_leaves":5,"minecraft:hay_block":8,"minecraft:redstone_ore":16,"minecraft:spruce_sapling":1,"minecraft:furnace":23,"byg:fir_planks":22,"minecraft:polished_basalt":1,"minecraft:andesite":38,"minecraft:bell":1,"funmod:joy_ore":3,"dynamictrees:oak_branch":114,"minecraft:shroomlight":4,"minecraft:rail":55,"byg:rocky_stone":19,"minecraft:stone":990,"dynamictrees:acacia_branch":429,"minecraft:smithing_table":2,"minecraft:glass_pane":1,"minecraft:soul_sand":10,"funmod:insanity_ore":5,"byg:fir_sapling":3,"minecraft:basalt":4,"minecraft:dandelion":2,"travelersbackpack:standard":1,"minecraft:oak_fence":2,"minecraft:crafting_table":20,"minecraft:blackstone_slab":1,"minecraft:tall_grass":6,"minecraft:lapis_ore":13,"minecraft:polished_blackstone_brick_stairs":1,"minecraft:diorite":25,"minecraft:air":339,"minecraft:purple_bed":7,"byg:scoria_stone":18,"minecraft:sweet_berry_bush":2,"byg:aspen_crafting_table":3,"minecraft:spruce_log":89,"byg:short_grass":3,"minecraft:grass_path":1,"minecraft:coal_ore":221,"minecraft:gravel":8,"minecraft:cobweb":33,"byg:fir_log":505,"minecraft:gold_ore":21,"minecraft:fern":1,"byg:fir_stairs":9},"minecraft:custom":{"minecraft:interact_with_crafting_table":91,"minecraft:open_barrel":2,"minecraft:bell_ring":51,"minecraft:leave_game":27,"minecraft:time_since_death":110098,"minecraft:damage_resisted":20,"minecraft:sprint_one_cm":1188477,"minecraft:damage_blocked_by_shield":3718,"minecraft:drop":419,"minecraft:talked_to_villager":3,"minecraft:deaths":41,"tombstone:tomb_raiding":1,"minecraft:jump":7757,"minecraft:walk_on_water_one_cm":48638,"minecraft:interact_with_furnace":176,"minecraft:play_one_minute":478839,"minecraft:sleep_in_bed":10,"tombstone:sneak_grave":2,"minecraft:damage_dealt":42275,"minecraft:player_kills":1,"minecraft:crouch_one_cm":136689,"tombstone:undead_killed":43,"tombstone:villager_killed":4,"minecraft:interact_with_smoker":19,"minecraft:interact_with_smithing_table":5,"minecraft:interact_with_anvil":8,"minecraft:mob_kills":198,"minecraft:interact_with_campfire":6,"minecraft:damage_dealt_resisted":640,"minecraft:climb_one_cm":3388,"minecraft:walk_one_cm":845629,"minecraft:sneak_time":31126,"minecraft:walk_under_water_one_cm":23879,"minecraft:boat_one_cm":208255,"tombstone:raider_killed":3,"minecraft:time_since_rest":65658,"minecraft:damage_taken":17588,"minecraft:damage_absorbed":52,"minecraft:swim_one_cm":50205,"minecraft:fly_one_cm":1228449,"minecraft:open_chest":33,"minecraft:fall_one_cm":163356},"minecraft:picked_up":{"minecraft:iron_chestplate":2,"minecraft:wheat":1,"minecraft:anvil":1,"minecraft:smithing_table":2,"minecraft:lead":2,"minecraft:potion":2,"minecraft:gilded_blackstone":3,"minecraft:nether_brick":20,"tombstone:grave_key":1,"minecraft:polished_blackstone_brick_stairs":1,"minecraft:string":62,"byg:fir_boat":2,"minecraft:iron_leggings":2,"minecraft:shroomlight":8,"minecraft:gold_nugget":375,"minecraft:spruce_planks":534,"funmod:crimsonite_ingot":16,"minecraft:iron_pickaxe":2,"minecraft:iron_boots":4,"minecraft:furnace":21,"byg:fir_sapling":72,"minecraft:stick":99,"funmod:leafium_ore":9,"byg:anthracite":18,"minecraft:torch":9,"minecraft:acacia_log":8,"travelersbackpack:iron_tier_upgrade":1,"minecraft:porkchop":32,"funmod:joy_shard":3,"tombstone:grave_dust":2,"minecraft:diorite":24,"funmod:crimsonite_ore":37,"minecraft:warped_planks":9,"funmod:uranium_ore":11,"byg:aspen_sapling":3,"minecraft:orange_bed":5,"minecraft:rotten_flesh":10,"minecraft:polished_basalt":1,"byg:aspen_crafting_table":4,"byg:fir_slab":9,"minecraft:blaze_rod":48,"minecraft:obsidian":57,"minecraft:cobblestone":744,"minecraft:cooked_beef":3,"orcz:orcteeth":5,"minecraft:magma_cream":3,"minecraft:water_bucket":1,"minecraft:andesite":26,"minecraft:brown_wool":1,"minecraft:smoker":7,"minecraft:flint":1,"travelersbackpack:magma_cube":2,"minecraft:lapis_lazuli":76,"minecraft:dirt":367,"minecraft:bone":7,"minecraft:wheat_seeds":19,"minecraft:bell":1,"funmod:soul_gel":3,"minecraft:glowstone_dust":25,"minecraft:oak_planks":1,"minecraft:cooked_porkchop":11,"minecraft:warped_wart_block":3,"minecraft:sand":33,"dynamictrees:acacia_seed":3,"minecraft:ink_sac":6,"minecraft:spectral_arrow":6,"funmod:demonite_ore":12,"minecraft:sugar":1,"byg:aspen_log":24,"minecraft:diamond":24,"minecraft:spruce_boat":1,"minecraft:cracked_polished_blackstone_bricks":12,"minecraft:granite":11,"minecraft:chainmail_helmet":2,"orcz:ironscrap":1,"minecraft:netherrack":522,"funmod:essence_of_greed":1,"minecraft:crimson_roots":8,"byg:fir_stairs":9,"funmod:insanity_shard":3,"minecraft:crafting_table":22,"byg:soapstone":1,"minecraft:nether_wart":10,"minecraft:wooden_pickaxe":1,"minecraft:red_bed":2,"minecraft:flint_and_steel":1,"minecraft:iron_shovel":2,"minecraft:blackstone":51,"minecraft:beef":15,"minecraft:iron_nugget":27,"minecraft:light_gray_wool":3,"funmod:crimsonite_sword":4,"minecraft:sugar_cane":3,"minecraft:chest":1,"minecraft:egg":1,"minecraft:fire_charge":4,"minecraft:polished_blackstone_bricks":42,"funmod:soul_stone":1,"minecraft:cookie":1,"minecraft:redstone":56,"byg:fir_planks":115,"minecraft:arrow":14,"minecraft:nether_bricks":7,"byg:aspen_planks":8,"minecraft:hay_block":8,"byg:fir_log":457,"minecraft:saddle":1,"minecraft:gold_ingot":27,"minecraft:mutton":15,"byg:rocky_stone":10,"minecraft:rail":54,"minecraft:white_wool":10,"minecraft:basalt":4,"minecraft:leather":22,"minecraft:blackstone_slab":1,"minecraft:ice":10,"minecraft:oak_log":6,"minecraft:cooked_mutton":4,"byg:scoria_cobblestone":9,"minecraft:warped_stem":13,"minecraft:iron_ingot":16,"minecraft:stone_pickaxe":2,"minecraft:iron_ore":202,"tombstone:bag_of_seeds":1,"travelersbackpack:blank_upgrade":3,"minecraft:acacia_sapling":3,"minecraft:soul_sand":74,"minecraft:sweet_berries":9,"byg:aspen_boat":8,"minecraft:dandelion":6,"minecraft:gravel":42,"minecraft:spruce_sapling":18,"minecraft:spruce_log":87,"minecraft:gold_ore":22,"minecraft:crying_obsidian":7,"travelersbackpack:standard":1,"funmod:l_essence_of_greed":164,"minecraft:purple_bed":8,"minecraft:stone_axe":1,"minecraft:chainmail_leggings":2,"minecraft:iron_helmet":2,"minecraft:warped_roots":1,"minecraft:baked_potato":6,"minecraft:melon_seeds":3,"minecraft:warped_nylium":2,"minecraft:coal":474,"minecraft:ender_pearl":4},"minecraft:crafted":{"funmod:crimsonite_leggings":1,"minecraft:yellow_wool":2,"minecraft:oak_planks":12,"spartanshields:shield_basic_iron":1,"byg:fir_stairs":40,"funmod:crimsonite_pickaxe":1,"travelersbackpack:yellow_sleeping_bag":1,"funmod:power_crystal":8,"funmod:demonite_ingot":12,"travelersbackpack:diamond":4,"minecraft:cooked_mutton":12,"minecraft:warped_planks":52,"funmod:crimsonite_boots":1,"byg:aspen_boat":3,"minecraft:glass":33,"spartanshields:shield_basic_diamond":1,"minecraft:iron_boots":1,"byg:fir_slab":108,"byg:fir_boat":2,"minecraft:chest":10,"byg:fir_planks":588,"minecraft:smoker":1,"spartanshields:shield_basic_wood":2,"travelersbackpack:iron_tier_upgrade":2,"minecraft:cooked_porkchop":25,"minecraft:crafting_table":14,"minecraft:spruce_planks":348,"travelersbackpack:standard":3,"byg:aspen_crafting_table":3,"minecraft:wooden_pickaxe":1,"minecraft:iron_helmet":2,"minecraft:smithing_table":1,"funmod:uranium_ingot":5,"minecraft:iron_chestplate":2,"minecraft:yellow_dye":2,"minecraft:shield":1,"minecraft:stick":44,"minecraft:iron_ingot":190,"funmod:crimsonite_ingot":21,"minecraft:iron_pickaxe":2,"minecraft:iron_block":3,"minecraft:stone_sword":2,"minecraft:gold_ingot":52,"minecraft:shears":1,"minecraft:furnace":6,"travelersbackpack:blank_upgrade":4,"travelersbackpack:gold_tier_upgrade":1,"funmod:leafium_sword":1,"funmod:demonite_chestplate":1,"minecraft:iron_axe":1,"minecraft:ladder":3,"minecraft:stone_pickaxe":3,"minecraft:spruce_boat":2,"travelersbackpack:diamond_tier_upgrade":1,"minecraft:wheat":72,"minecraft:cooked_beef":13,"travelersbackpack:backpack_tank":4,"funmod:crimsonite_sword":1,"minecraft:bucket":1,"minecraft:stone_axe":2,"minecraft:air":0,"minecraft:bread":21,"funmod:crimsonite_axe":1,"funmod:leafium_ingot":7,"minecraft:golden_apple":1,"minecraft:wooden_axe":1,"minecraft:iron_leggings":1,"minecraft:anvil":1,"funmod:crimsonite_helmet":1,"minecraft:acacia_planks":8,"minecraft:torch":160,"funmod:soul_stone":1,"byg:aspen_planks":96},"minecraft:used":{"minecraft:iron_shovel":405,"minecraft:ladder":2,"minecraft:chest":9,"minecraft:shield":7,"minecraft:bell":1,"minecraft:iron_sword":256,"travelersbackpack:diamond":8,"funmod:crimsonite_sword":1167,"minecraft:mutton":2,"funmod:crimsonite_pickaxe":2208,"byg:aspen_planks":36,"dynamictrees:birch_branch":72,"minecraft:obsidian":22,"minecraft:glass":6,"minecraft:spruce_boat":3,"minecraft:lava_bucket":7,"byg:fir_log":484,"minecraft:sweet_berries":27,"minecraft:furnace":26,"minecraft:potato":1,"minecraft:stone_pickaxe":188,"minecraft:wooden_pickaxe":6,"byg:fir_boat":3,"minecraft:golden_apple":1,"minecraft:bread":11,"travelersbackpack:magma_cube":4,"minecraft:smithing_table":2,"dynamictrees:oak_branch":114,"minecraft:air":339,"minecraft:stone_sword":26,"minecraft:flint_and_steel":5,"minecraft:spruce_planks":182,"byg:aspen_log":30,"minecraft:netherrack":405,"byg:fir_sapling":50,"minecraft:orange_bed":5,"minecraft:torch":154,"minecraft:dirt":8,"minecraft:anvil":1,"funmod:leafium_sword":6,"byg:aspen_crafting_table":6,"minecraft:wooden_axe":1,"minecraft:iron_axe":1,"minecraft:golden_carrot":8,"tombstone:gift":4,"minecraft:cooked_beef":16,"spartanshields:shield_basic_diamond":38,"minecraft:cooked_mutton":9,"minecraft:water_bucket":43,"funmod:crimsonite_axe":168,"minecraft:baked_potato":5,"minecraft:red_bed":2,"minecraft:crafting_table":34,"byg:fir_slab":100,"minecraft:spruce_log":65,"minecraft:warped_planks":42,"minecraft:smoker":6,"byg:fir_stairs":49,"tombstone:bag_of_seeds":2,"minecraft:oak_log":6,"minecraft:apple":4,"minecraft:diamond_shovel":7,"byg:fir_planks":252,"minecraft:iron_pickaxe":312,"minecraft:spruce_sapling":18,"byg:aspen_boat":9,"spartanshields:shield_basic_iron":3,"minecraft:stone_axe":21,"minecraft:purple_bed":7,"travelersbackpack:standard":14,"minecraft:cobblestone":478,"minecraft:cooked_porkchop":32,"minecraft:bucket":59,"dynamictrees:acacia_branch":429},"minecraft:dropped":{"minecraft:gold_ore":1,"minecraft:soul_sand":37,"minecraft:lapis_lazuli":12,"minecraft:oak_log":3,"minecraft:baked_potato":1,"minecraft:ender_pearl":2,"minecraft:crafting_table":1,"funmod:soul_gel":4,"minecraft:cooked_porkchop":8,"funmod:crimsonite_sword":2,"byg:fir_log":148,"minecraft:cookie":1,"minecraft:warped_roots":1,"minecraft:leather":5,"travelersbackpack:iron_tier_upgrade":2,"minecraft:saddle":1,"byg:aspen_planks":17,"funmod:uranium_ore":6,"minecraft:cracked_polished_blackstone_bricks":12,"minecraft:dirt":359,"minecraft:ice":5,"minecraft:mutton":5,"minecraft:crimson_roots":7,"funmod:essence_of_greed":1,"minecraft:gold_nugget":19,"minecraft:gilded_blackstone":5,"minecraft:polished_blackstone_bricks":30,"minecraft:sugar":1,"minecraft:iron_pickaxe":3,"byg:aspen_boat":1,"byg:scoria_cobblestone":4,"minecraft:white_wool":7,"minecraft:gold_ingot":59,"minecraft:bone":7,"minecraft:gravel":46,"minecraft:stone_axe":4,"minecraft:blackstone":48,"minecraft:nether_brick":20,"minecraft:wheat":3,"minecraft:obsidian":26,"tombstone:gift":2,"minecraft:rotten_flesh":10,"minecraft:oak_planks":9,"minecraft:glowstone_dust":17,"minecraft:cooked_mutton":7,"funmod:insanity_shard":1,"minecraft:warped_planks":19,"byg:rocky_stone":26,"minecraft:beetroot_seeds":3,"minecraft:melon_seeds":3,"funmod:l_essence_of_greed":66,"minecraft:acacia_sapling":3,"minecraft:ladder":1,"minecraft:arrow":1,"minecraft:beef":1,"minecraft:warped_wart_block":3,"minecraft:crying_obsidian":6,"minecraft:netherrack":88,"minecraft:egg":1,"minecraft:bread":1,"minecraft:water_bucket":1,"minecraft:golden_boots":1,"minecraft:iron_ingot":22,"minecraft:wheat_seeds":19,"funmod:joy_shard":3,"minecraft:iron_helmet":3,"minecraft:cobblestone":149,"minecraft:spectral_arrow":6,"minecraft:apple":3,"minecraft:granite":11,"byg:fir_sapling":10,"minecraft:acacia_log":6,"minecraft:chainmail_helmet":2,"minecraft:coal":58,"minecraft:stick":28,"minecraft:diorite":42,"minecraft:ink_sac":9,"minecraft:torch":13,"byg:soapstone":1,"tombstone:grave_key":3,"minecraft:wooden_axe":1,"byg:anthracite":18,"minecraft:brown_wool":1,"travelersbackpack:blank_upgrade":2,"tombstone:grave_dust":2,"minecraft:fire_charge":4,"minecraft:potion":1,"minecraft:iron_leggings":2,"minecraft:iron_axe":1,"minecraft:iron_shovel":1,"minecraft:chainmail_leggings":2,"minecraft:string":36,"minecraft:acacia_planks":8,"minecraft:spruce_sapling":5,"minecraft:redstone":5,"minecraft:dandelion":4,"minecraft:warped_nylium":2,"minecraft:stone_sword":3,"minecraft:blaze_rod":25,"spartanshields:shield_basic_iron":2,"byg:fir_planks":78,"minecraft:light_gray_wool":5,"minecraft:iron_boots":4,"minecraft:smoker":1,"orcz:ironscrap":1,"minecraft:nether_bricks":7,"minecraft:flint_and_steel":1,"minecraft:shroomlight":8,"minecraft:shield":1,"funmod:soul_stone":1,"minecraft:spruce_planks":23,"minecraft:iron_chestplate":2,"byg:aspen_sapling":3,"minecraft:andesite":44,"minecraft:purple_bed":1,"byg:fir_slab":17,"minecraft:stone_pickaxe":6,"minecraft:wooden_pickaxe":3,"byg:aspen_crafting_table":1,"minecraft:magma_cream":1}},"DataVersion":2586}