{"stats":{"minecraft:killed":{"minecraft:zombified_piglin":1,"minecraft:spider":7,"orcz:orcshieldiron":2,"dungeonsmod:anthermite":2,"minecraft:skeleton":4,"minecraft:magma_cube":3,"minecraft:piglin":1,"minecraft:pig":5,"orcz:goblinwerid":2,"dungeonsmod:pice":3,"minecraft:sheep":10,"minecraft:pillager":3,"minecraft:zombie":8,"minecraft:blaze":50,"minecraft:cow":5,"minecraft:husk":6,"minecraft:hoglin":1,"orcz:goblin_2sword":2,"minecraft:wither_skeleton":1,"minecraft:enderman":1},"minecraft:custom":{"minecraft:interact_with_crafting_table":77,"minecraft:open_barrel":2,"minecraft:leave_game":18,"minecraft:time_since_death":23790,"minecraft:damage_resisted":20,"minecraft:sprint_one_cm":665527,"minecraft:damage_blocked_by_shield":3392,"minecraft:drop":304,"minecraft:deaths":32,"tombstone:tomb_raiding":1,"minecraft:jump":4532,"minecraft:walk_on_water_one_cm":37061,"minecraft:interact_with_furnace":132,"minecraft:play_one_minute":287392,"minecraft:sleep_in_bed":7,"minecraft:damage_dealt":25594,"minecraft:player_kills":1,"minecraft:crouch_one_cm":66398,"tombstone:undead_killed":20,"minecraft:interact_with_smoker":12,"minecraft:mob_kills":120,"minecraft:interact_with_campfire":6,"minecraft:damage_dealt_resisted":607,"minecraft:climb_one_cm":311,"minecraft:walk_one_cm":479173,"minecraft:sneak_time":13310,"minecraft:walk_under_water_one_cm":23260,"minecraft:boat_one_cm":206400,"tombstone:raider_killed":3,"minecraft:time_since_rest":6954,"minecraft:damage_taken":12580,"minecraft:damage_absorbed":52,"minecraft:swim_one_cm":49956,"minecraft:fly_one_cm":727975,"minecraft:open_chest":19,"minecraft:fall_one_cm":82522},"minecraft:crafted":{"minecraft:yellow_wool":2,"spartanshields:shield_basic_iron":1,"funmod:crimsonite_pickaxe":1,"travelersbackpack:yellow_sleeping_bag":1,"funmod:power_crystal":8,"funmod:demonite_ingot":2,"minecraft:cooked_mutton":12,"minecraft:warped_planks":52,"byg:aspen_boat":3,"minecraft:glass":33,"spartanshields:shield_basic_diamond":1,"minecraft:iron_boots":1,"byg:fir_boat":2,"minecraft:chest":2,"byg:fir_planks":176,"minecraft:smoker":1,"spartanshields:shield_basic_wood":2,"travelersbackpack:iron_tier_upgrade":1,"minecraft:cooked_porkchop":5,"minecraft:crafting_table":10,"minecraft:spruce_planks":348,"minecraft:iron_helmet":2,"byg:aspen_crafting_table":3,"minecraft:wooden_pickaxe":1,"travelersbackpack:standard":3,"funmod:uranium_ingot":2,"minecraft:iron_chestplate":1,"minecraft:yellow_dye":2,"minecraft:shield":1,"minecraft:stick":36,"minecraft:iron_pickaxe":2,"minecraft:iron_ingot":98,"funmod:crimsonite_ingot":12,"minecraft:iron_block":3,"minecraft:stone_sword":2,"minecraft:gold_ingot":46,"minecraft:shears":1,"minecraft:furnace":4,"travelersbackpack:blank_upgrade":4,"travelersbackpack:gold_tier_upgrade":1,"minecraft:iron_axe":1,"minecraft:stone_pickaxe":3,"minecraft:spruce_boat":2,"minecraft:cooked_beef":13,"travelersbackpack:backpack_tank":4,"funmod:crimsonite_sword":1,"minecraft:bucket":1,"minecraft:stone_axe":2,"minecraft:air":0,"funmod:crimsonite_axe":1,"funmod:leafium_ingot":1,"minecraft:golden_apple":1,"minecraft:wooden_axe":1,"minecraft:iron_leggings":1,"minecraft:anvil":1,"minecraft:torch":72,"funmod:soul_stone":1,"byg:aspen_planks":96},"minecraft:mined":{"minecraft:spruce_planks":2,"minecraft:obsidian":30,"minecraft:granite":5,"minecraft:grass_block":3,"minecraft:nether_wart":5,"minecraft:magma_block":3,"minecraft:glowstone":7,"minecraft:iron_ore":152,"minecraft:fire":48,"funmod:uranium_ore":2,"funmod:leafium_ore":3,"minecraft:crimson_nylium":1,"minecraft:smoker":3,"minecraft:torch":1,"minecraft:cobblestone":17,"minecraft:wall_torch":3,"minecraft:warped_nylium":2,"byg:soapstone":3,"funmod:demonite_ore":2,"byg:overgrown_stone":2,"minecraft:stone_brick_stairs":1,"minecraft:grass":15,"minecraft:sand":33,"minecraft:dirt":16,"minecraft:netherrack":344,"minecraft:nether_gold_ore":84,"minecraft:diamond_ore":6,"minecraft:crying_obsidian":1,"dynamictrees:birch_branch":72,"funmod:crimsonite_ore":14,"minecraft:nether_bricks":7,"byg:aspen_log":30,"minecraft:spruce_leaves":5,"minecraft:redstone_ore":3,"minecraft:spruce_sapling":1,"minecraft:furnace":20,"minecraft:andesite":19,"funmod:joy_ore":3,"dynamictrees:oak_branch":114,"minecraft:shroomlight":4,"byg:rocky_stone":10,"minecraft:stone":563,"minecraft:glass_pane":1,"minecraft:soul_sand":10,"funmod:insanity_ore":1,"minecraft:dandelion":2,"travelersbackpack:standard":1,"minecraft:crafting_table":20,"minecraft:tall_grass":4,"minecraft:lapis_ore":2,"minecraft:diorite":23,"minecraft:air":51,"minecraft:purple_bed":2,"byg:scoria_stone":11,"byg:aspen_crafting_table":2,"minecraft:sweet_berry_bush":2,"byg:short_grass":2,"minecraft:spruce_log":89,"minecraft:coal_ore":91,"minecraft:gravel":2,"minecraft:cobweb":8,"byg:fir_log":293,"minecraft:gold_ore":20,"minecraft:fern":1},"minecraft:used":{"minecraft:iron_shovel":54,"minecraft:shield":7,"minecraft:iron_sword":256,"funmod:crimsonite_sword":529,"minecraft:mutton":2,"byg:aspen_planks":36,"funmod:crimsonite_pickaxe":965,"minecraft:obsidian":7,"minecraft:spruce_boat":3,"dynamictrees:birch_branch":72,"byg:fir_log":284,"minecraft:sweet_berries":27,"minecraft:furnace":21,"minecraft:potato":1,"minecraft:stone_pickaxe":188,"minecraft:wooden_pickaxe":6,"byg:fir_boat":3,"minecraft:golden_apple":1,"minecraft:bread":9,"dynamictrees:oak_branch":114,"minecraft:air":51,"minecraft:stone_sword":26,"minecraft:flint_and_steel":3,"minecraft:spruce_planks":182,"byg:aspen_log":30,"minecraft:netherrack":161,"minecraft:torch":60,"minecraft:dirt":3,"minecraft:anvil":1,"byg:aspen_crafting_table":5,"minecraft:wooden_axe":1,"minecraft:iron_axe":1,"tombstone:gift":4,"minecraft:cooked_beef":16,"spartanshields:shield_basic_diamond":33,"minecraft:cooked_mutton":5,"funmod:crimsonite_axe":50,"minecraft:water_bucket":17,"minecraft:baked_potato":5,"minecraft:crafting_table":30,"minecraft:smoker":4,"minecraft:warped_planks":42,"minecraft:spruce_log":65,"tombstone:bag_of_seeds":2,"minecraft:apple":4,"byg:fir_planks":100,"minecraft:iron_pickaxe":312,"minecraft:spruce_sapling":18,"byg:aspen_boat":3,"spartanshields:shield_basic_iron":3,"minecraft:stone_axe":21,"minecraft:cobblestone":235,"travelersbackpack:standard":14,"minecraft:purple_bed":2,"minecraft:cooked_porkchop":4,"minecraft:bucket":20},"minecraft:dropped":{"minecraft:soul_sand":37,"minecraft:lapis_lazuli":12,"minecraft:baked_potato":1,"minecraft:ender_pearl":1,"minecraft:crafting_table":1,"funmod:soul_gel":4,"minecraft:cooked_porkchop":1,"funmod:crimsonite_sword":2,"byg:fir_log":84,"minecraft:leather":5,"minecraft:saddle":1,"byg:aspen_planks":17,"minecraft:dirt":11,"minecraft:ice":5,"minecraft:mutton":5,"minecraft:crimson_roots":4,"funmod:essence_of_greed":1,"minecraft:gold_nugget":7,"minecraft:iron_pickaxe":3,"byg:aspen_boat":1,"byg:scoria_cobblestone":4,"minecraft:white_wool":7,"minecraft:gold_ingot":59,"minecraft:bone":4,"minecraft:gravel":38,"minecraft:stone_axe":4,"minecraft:blackstone":47,"minecraft:nether_brick":20,"minecraft:wheat":2,"minecraft:obsidian":26,"tombstone:gift":1,"minecraft:rotten_flesh":9,"minecraft:glowstone_dust":17,"minecraft:cooked_mutton":7,"minecraft:warped_planks":19,"byg:rocky_stone":24,"minecraft:beetroot_seeds":3,"minecraft:melon_seeds":3,"funmod:l_essence_of_greed":38,"minecraft:arrow":1,"minecraft:warped_wart_block":3,"minecraft:crying_obsidian":6,"minecraft:netherrack":35,"minecraft:water_bucket":1,"minecraft:golden_boots":1,"minecraft:bread":1,"minecraft:iron_ingot":22,"minecraft:wheat_seeds":1,"funmod:joy_shard":3,"minecraft:iron_helmet":2,"minecraft:cobblestone":68,"minecraft:spectral_arrow":6,"minecraft:apple":3,"byg:fir_sapling":10,"minecraft:chainmail_helmet":2,"minecraft:coal":58,"minecraft:stick":28,"minecraft:diorite":36,"minecraft:ink_sac":9,"minecraft:torch":13,"tombstone:grave_key":2,"byg:soapstone":1,"minecraft:wooden_axe":1,"byg:anthracite":18,"minecraft:brown_wool":1,"travelersbackpack:blank_upgrade":2,"minecraft:fire_charge":4,"minecraft:potion":1,"minecraft:iron_axe":1,"minecraft:iron_shovel":1,"minecraft:chainmail_leggings":2,"minecraft:string":35,"minecraft:spruce_sapling":5,"minecraft:dandelion":4,"minecraft:redstone":5,"minecraft:blaze_rod":24,"minecraft:stone_sword":3,"spartanshields:shield_basic_iron":2,"minecraft:light_gray_wool":5,"byg:fir_planks":55,"minecraft:iron_boots":3,"minecraft:smoker":1,"orcz:ironscrap":1,"minecraft:nether_bricks":7,"minecraft:shroomlight":8,"minecraft:shield":1,"funmod:soul_stone":1,"minecraft:spruce_planks":23,"byg:aspen_sapling":3,"minecraft:iron_chestplate":1,"minecraft:andesite":27,"minecraft:purple_bed":1,"byg:aspen_crafting_table":1,"minecraft:stone_pickaxe":6,"minecraft:wooden_pickaxe":3,"minecraft:magma_cream":1},"minecraft:broken":{"minecraft:iron_leggings":1,"minecraft:iron_sword":1,"minecraft:iron_pickaxe":1,"minecraft:iron_helmet":1},"minecraft:killed_by":{"minecraft:piglin":1,"minecraft:blaze":6,"minecraft:zombie":4,"minecraft:player":10,"minecraft:skeleton":1},"minecraft:picked_up":{"minecraft:iron_chestplate":1,"minecraft:wheat":1,"minecraft:potion":2,"minecraft:nether_brick":20,"tombstone:grave_key":1,"minecraft:string":33,"byg:fir_boat":2,"minecraft:shroomlight":8,"minecraft:gold_nugget":304,"minecraft:spruce_planks":534,"minecraft:iron_pickaxe":2,"minecraft:iron_boots":4,"minecraft:furnace":18,"byg:fir_sapling":26,"minecraft:stick":63,"funmod:leafium_ore":3,"byg:anthracite":18,"minecraft:torch":5,"minecraft:porkchop":12,"funmod:joy_shard":3,"minecraft:diorite":23,"funmod:crimsonite_ore":12,"minecraft:warped_planks":9,"funmod:uranium_ore":2,"byg:aspen_sapling":3,"minecraft:rotten_flesh":9,"byg:aspen_crafting_table":3,"minecraft:blaze_rod":48,"minecraft:obsidian":56,"minecraft:cobblestone":544,"orcz:orcteeth":3,"minecraft:cooked_beef":3,"minecraft:magma_cream":2,"minecraft:water_bucket":1,"minecraft:andesite":19,"minecraft:brown_wool":1,"minecraft:smoker":4,"minecraft:lapis_lazuli":24,"minecraft:dirt":20,"minecraft:bone":4,"minecraft:wheat_seeds":1,"funmod:soul_gel":3,"minecraft:glowstone_dust":25,"minecraft:cooked_porkchop":7,"minecraft:warped_wart_block":3,"minecraft:sand":33,"minecraft:ink_sac":6,"minecraft:spectral_arrow":6,"funmod:demonite_ore":2,"byg:aspen_log":24,"minecraft:diamond":6,"minecraft:spruce_boat":1,"minecraft:chainmail_helmet":2,"orcz:ironscrap":1,"funmod:essence_of_greed":1,"minecraft:netherrack":277,"minecraft:crimson_roots":4,"funmod:insanity_shard":2,"minecraft:crafting_table":22,"byg:soapstone":1,"minecraft:nether_wart":10,"minecraft:wooden_pickaxe":1,"minecraft:iron_shovel":2,"minecraft:blackstone":47,"minecraft:beef":14,"minecraft:iron_nugget":27,"minecraft:light_gray_wool":3,"funmod:crimsonite_sword":3,"minecraft:fire_charge":4,"funmod:soul_stone":1,"minecraft:redstone":5,"byg:fir_planks":90,"minecraft:arrow":1,"minecraft:nether_bricks":7,"byg:aspen_planks":8,"byg:fir_log":252,"minecraft:saddle":1,"minecraft:gold_ingot":27,"minecraft:mutton":15,"byg:rocky_stone":8,"minecraft:white_wool":10,"minecraft:leather":15,"minecraft:ice":10,"minecraft:cooked_mutton":4,"byg:scoria_cobblestone":4,"minecraft:warped_stem":13,"minecraft:iron_ingot":16,"minecraft:stone_pickaxe":2,"minecraft:iron_ore":161,"tombstone:bag_of_seeds":1,"travelersbackpack:blank_upgrade":2,"minecraft:soul_sand":74,"minecraft:sweet_berries":9,"byg:aspen_boat":1,"minecraft:dandelion":6,"minecraft:gravel":34,"minecraft:spruce_sapling":18,"minecraft:spruce_log":87,"minecraft:gold_ore":20,"minecraft:crying_obsidian":7,"travelersbackpack:standard":1,"funmod:l_essence_of_greed":109,"minecraft:purple_bed":3,"minecraft:stone_axe":1,"minecraft:chainmail_leggings":2,"minecraft:iron_helmet":2,"minecraft:baked_potato":6,"minecraft:melon_seeds":3,"minecraft:coal":273,"minecraft:ender_pearl":2}},"DataVersion":2586}