{"stats":{"minecraft:picked_up":{"minecraft:spruce_sapling":2,"minecraft:spruce_log":20},"minecraft:mined":{"minecraft:spruce_leaves":5,"minecraft:spruce_log":20},"minecraft:custom":{"minecraft:jump":49,"minecraft:time_since_rest":4062,"minecraft:crouch_one_cm":360,"minecraft:damage_dealt":27,"minecraft:walk_one_cm":5981,"minecraft:damage_taken":110,"minecraft:play_one_minute":4062,"minecraft:leave_game":4,"minecraft:sprint_one_cm":7376,"minecraft:time_since_death":4062,"minecraft:sneak_time":136,"minecraft:fall_one_cm":1745,"minecraft:fly_one_cm":12325},"minecraft:used":{"minecraft:spruce_sapling":2}},"DataVersion":2586}