{"stats":{"minecraft:mined":{"minecraft:spruce_planks":2,"minecraft:cobblestone_stairs":1,"minecraft:obsidian":45,"minecraft:granite":46,"minecraft:grass_block":188,"byg:fir_slab":16,"minecraft:cracked_polished_blackstone_bricks":10,"minecraft:coal_block":1,"minecraft:nether_wart":41,"minecraft:spawner":3,"minecraft:gilded_blackstone":3,"minecraft:tall_seagrass":1,"minecraft:polished_blackstone_bricks":31,"minecraft:magma_block":25,"minecraft:glowstone":7,"minecraft:iron_ore":204,"minecraft:fire":144,"minecraft:pumpkin":4,"minecraft:anvil":1,"minecraft:orange_bed":5,"minecraft:green_bed":1,"funmod:uranium_ore":12,"minecraft:cut_sandstone":11,"funmod:leafium_ore":9,"minecraft:red_bed":3,"minecraft:blackstone":91,"minecraft:crimson_nylium":8,"minecraft:smoker":12,"minecraft:orange_terracotta":1,"minecraft:torch":7,"minecraft:light_gray_terracotta":31,"minecraft:blast_furnace":3,"minecraft:melon":5,"minecraft:chest":3,"minecraft:dead_bush":1,"minecraft:nether_quartz_ore":8,"minecraft:cobblestone":37,"minecraft:oak_planks":2,"minecraft:sugar_cane":24,"minecraft:cyan_bed":1,"minecraft:grindstone":1,"minecraft:iron_door":16,"minecraft:wall_torch":9,"minecraft:cauldron":2,"minecraft:white_terracotta":73,"minecraft:seagrass":2,"byg:soapstone":7,"minecraft:warped_nylium":8,"minecraft:acacia_sapling":1,"funmod:demonite_ore":14,"minecraft:wheat":79,"byg:overgrown_stone":2,"dynamictrees:birch_leaves":4,"minecraft:tnt":9,"minecraft:stone_brick_stairs":1,"byg:cypress_log":6,"minecraft:grass":196,"minecraft:oak_log":23,"minecraft:acacia_fence":2,"minecraft:sand":118,"minecraft:dirt":200,"minecraft:ancient_debris":42,"minecraft:netherrack":3279,"byg:fir_trapdoor":1,"minecraft:oak_leaves":2,"minecraft:nether_gold_ore":104,"minecraft:diamond_ore":24,"minecraft:crying_obsidian":1,"dynamictrees:birch_branch":270,"funmod:crimsonite_ore":40,"minecraft:end_stone":39,"minecraft:nether_bricks":7,"minecraft:ladder":1,"byg:aspen_log":30,"minecraft:crimson_roots":4,"minecraft:spruce_leaves":10,"minecraft:cartography_table":1,"minecraft:sandstone":6,"minecraft:hay_block":33,"minecraft:redstone_ore":19,"minecraft:spruce_sapling":1,"minecraft:furnace":24,"byg:fir_planks":74,"minecraft:polished_basalt":1,"minecraft:andesite":42,"funmod:joy_ore":3,"minecraft:bell":2,"minecraft:bookshelf":160,"dynamictrees:oak_branch":114,"minecraft:shroomlight":4,"minecraft:rail":62,"byg:rocky_stone":19,"minecraft:stone":1069,"dynamictrees:acacia_branch":429,"minecraft:smithing_table":2,"minecraft:glass_pane":1,"minecraft:soul_sand":10,"funmod:insanity_ore":5,"byg:fir_sapling":15,"minecraft:basalt":7,"minecraft:dandelion":2,"travelersbackpack:standard":1,"minecraft:oak_fence":2,"minecraft:crafting_table":25,"minecraft:blackstone_slab":1,"minecraft:tall_grass":14,"minecraft:lapis_ore":13,"minecraft:polished_blackstone_brick_stairs":1,"minecraft:diorite":25,"minecraft:air":400,"minecraft:purple_bed":10,"minecraft:lime_bed":7,"byg:scoria_stone":21,"byg:aspen_crafting_table":3,"minecraft:sweet_berry_bush":2,"minecraft:spruce_log":94,"byg:short_grass":5,"minecraft:grass_path":1,"minecraft:coal_ore":305,"minecraft:cobweb":41,"byg:azalea":1,"minecraft:gravel":14,"minecraft:cracked_stone_bricks":2,"byg:fir_log":2385,"minecraft:mossy_stone_bricks":4,"minecraft:stone_bricks":4,"minecraft:gold_ore":21,"minecraft:fern":1,"byg:fir_stairs":39},"minecraft:crafted":{"funmod:crimsonite_leggings":1,"minecraft:yellow_wool":2,"minecraft:oak_planks":12,"spartanshields:shield_basic_iron":1,"byg:fir_stairs":52,"minecraft:blaze_powder":26,"funmod:crimsonite_pickaxe":2,"travelersbackpack:yellow_sleeping_bag":1,"funmod:demonite_ingot":14,"funmod:power_crystal":8,"byg:fir_door":3,"travelersbackpack:diamond":5,"minecraft:cooked_mutton":33,"minecraft:warped_planks":52,"funmod:crimsonite_boots":1,"byg:aspen_boat":3,"minecraft:glass":33,"spartanshields:shield_basic_diamond":1,"minecraft:iron_boots":1,"byg:fir_slab":246,"byg:fir_boat":3,"minecraft:chest":22,"byg:fir_planks":4792,"minecraft:ender_eye":21,"minecraft:smoker":5,"spartanshields:shield_basic_wood":2,"travelersbackpack:iron_tier_upgrade":2,"minecraft:emerald":205,"minecraft:cooked_porkchop":40,"minecraft:crafting_table":19,"minecraft:spruce_planks":368,"travelersbackpack:standard":3,"byg:aspen_crafting_table":3,"minecraft:wooden_pickaxe":1,"minecraft:iron_helmet":2,"minecraft:smithing_table":1,"minecraft:fletching_table":2,"minecraft:pumpkin_seeds":16,"funmod:uranium_ingot":5,"minecraft:iron_chestplate":2,"minecraft:yellow_dye":2,"minecraft:shield":1,"minecraft:stick":7263,"minecraft:iron_ingot":197,"funmod:crimsonite_ingot":21,"minecraft:iron_pickaxe":2,"minecraft:iron_block":3,"minecraft:stone_sword":2,"minecraft:gold_ingot":79,"minecraft:netherite_ingot":8,"minecraft:shears":1,"travelersbackpack:netherite_tier_upgrade":1,"minecraft:redstone":24,"minecraft:coal":9,"minecraft:experience_bottle":1,"minecraft:furnace":11,"travelersbackpack:blank_upgrade":4,"travelersbackpack:gold_tier_upgrade":1,"funmod:leafium_sword":1,"funmod:demonite_chestplate":1,"minecraft:iron_axe":1,"minecraft:ladder":3,"minecraft:iron_hoe":1,"minecraft:ender_pearl":36,"minecraft:stone_pickaxe":3,"minecraft:spruce_boat":3,"minecraft:netherite_scrap":42,"travelersbackpack:diamond_tier_upgrade":1,"minecraft:wheat":208,"minecraft:cooked_beef":40,"minecraft:coal_block":1,"byg:fir_trapdoor":4,"travelersbackpack:backpack_tank":4,"funmod:crimsonite_sword":1,"minecraft:bucket":1,"minecraft:stone_axe":2,"minecraft:glowstone":8,"funmod:crimsonite_axe":2,"minecraft:bread":108,"minecraft:air":0,"funmod:leafium_ingot":7,"minecraft:golden_apple":1,"minecraft:wooden_axe":1,"minecraft:iron_leggings":1,"minecraft:anvil":1,"funmod:crimsonite_helmet":1,"minecraft:acacia_planks":8,"minecraft:torch":300,"funmod:soul_stone":1,"minecraft:lapis_lazuli":12,"byg:aspen_planks":96},"minecraft:dropped":{"minecraft:gold_ore":2,"minecraft:iron_sword":3,"minecraft:soul_sand":37,"minecraft:lapis_lazuli":12,"minecraft:cooked_beef":1,"minecraft:oak_log":3,"minecraft:baked_potato":1,"minecraft:ender_pearl":4,"minecraft:glass_bottle":1,"minecraft:diamond":4,"minecraft:crafting_table":3,"funmod:crimsonite_sword":2,"minecraft:cooked_porkchop":8,"funmod:soul_gel":5,"byg:fir_log":154,"minecraft:cookie":1,"minecraft:warped_roots":1,"byg:fir_stairs":5,"minecraft:leather":7,"travelersbackpack:iron_tier_upgrade":2,"minecraft:cracked_stone_bricks":1,"minecraft:saddle":1,"byg:aspen_planks":17,"byg:fir_boat":1,"funmod:uranium_ore":6,"minecraft:cracked_polished_blackstone_bricks":12,"minecraft:dirt":388,"minecraft:ice":5,"minecraft:mutton":5,"minecraft:crimson_roots":7,"funmod:essence_of_greed":3,"minecraft:cut_sandstone":10,"minecraft:gold_nugget":19,"minecraft:gilded_blackstone":5,"minecraft:sand":5,"minecraft:polished_blackstone_bricks":30,"minecraft:sugar":4,"minecraft:iron_pickaxe":3,"byg:aspen_boat":2,"byg:scoria_cobblestone":9,"minecraft:white_wool":16,"minecraft:gold_ingot":59,"minecraft:bone":7,"minecraft:gravel":49,"minecraft:stone_axe":4,"minecraft:blackstone":48,"minecraft:nether_brick":20,"minecraft:wheat":13,"minecraft:obsidian":33,"tombstone:gift":2,"minecraft:rotten_flesh":38,"minecraft:oak_planks":14,"minecraft:glowstone_dust":17,"minecraft:blaze_powder":1,"byg:cypress_sapling":1,"minecraft:cooked_mutton":7,"funmod:insanity_shard":2,"byg:palo_verde_sapling":2,"minecraft:warped_planks":19,"minecraft:chainmail_chestplate":2,"minecraft:poppy":1,"minecraft:gunpowder":9,"byg:rocky_stone":26,"minecraft:beetroot_seeds":3,"minecraft:melon_seeds":3,"funmod:l_essence_of_greed":126,"minecraft:acacia_sapling":3,"minecraft:ladder":1,"minecraft:arrow":6,"minecraft:glass":3,"minecraft:beef":1,"minecraft:warped_wart_block":3,"minecraft:crying_obsidian":6,"minecraft:acacia_fence":1,"minecraft:netherrack":382,"minecraft:egg":1,"minecraft:water_bucket":1,"minecraft:golden_boots":1,"minecraft:iron_ingot":22,"minecraft:bread":57,"minecraft:wheat_seeds":68,"funmod:joy_shard":3,"dynamictrees:dark_oak_seed":13,"minecraft:iron_helmet":3,"minecraft:cobblestone":149,"minecraft:book":41,"minecraft:spectral_arrow":6,"minecraft:apple":3,"minecraft:granite":11,"byg:fir_sapling":10,"minecraft:chainmail_helmet":3,"minecraft:acacia_log":6,"minecraft:coal":58,"minecraft:stick":30,"minecraft:gray_wool":1,"minecraft:diorite":42,"minecraft:ink_sac":9,"minecraft:torch":14,"tombstone:grave_key":3,"byg:soapstone":1,"minecraft:wooden_axe":1,"byg:fir_trapdoor":1,"byg:anthracite":18,"minecraft:brown_wool":1,"travelersbackpack:blank_upgrade":2,"minecraft:fire_charge":4,"tombstone:grave_dust":9,"minecraft:potion":1,"minecraft:iron_leggings":2,"minecraft:iron_axe":1,"minecraft:iron_shovel":1,"minecraft:chainmail_leggings":2,"minecraft:string":48,"dynamictrees:acacia_seed":2,"minecraft:acacia_planks":8,"minecraft:spruce_sapling":5,"minecraft:dandelion":4,"minecraft:redstone":5,"minecraft:warped_nylium":2,"minecraft:blaze_rod":26,"minecraft:stone_sword":3,"spartanshields:shield_basic_iron":2,"byg:fir_planks":105,"minecraft:light_gray_wool":5,"minecraft:iron_boots":4,"minecraft:smoker":1,"minecraft:ender_eye":6,"minecraft:white_terracotta":8,"orcz:ironscrap":1,"minecraft:nether_bricks":7,"minecraft:flint_and_steel":2,"minecraft:filled_map":1,"minecraft:spruce_boat":1,"minecraft:shroomlight":8,"minecraft:shield":1,"funmod:soul_stone":1,"minecraft:orange_terracotta":1,"minecraft:spruce_planks":38,"dungeonsmod:soul_bottle":1,"minecraft:iron_chestplate":3,"byg:aspen_sapling":3,"minecraft:andesite":48,"minecraft:mossy_stone_bricks":1,"minecraft:purple_bed":1,"minecraft:sandstone":6,"byg:fir_slab":51,"minecraft:stone_pickaxe":6,"minecraft:wooden_pickaxe":3,"byg:aspen_crafting_table":1,"minecraft:magma_cream":1,"minecraft:black_wool":1},"minecraft:killed_by":{"minecraft:piglin_brute":1,"minecraft:piglin":3,"minecraft:blaze":6,"minecraft:zombie":5,"minecraft:player":12,"minecraft:enderman":1,"minecraft:ender_dragon":2,"minecraft:trader_llama":1,"minecraft:hoglin":1,"minecraft:skeleton":1},"minecraft:used":{"travelersbackpack:diamond":9,"minecraft:iron_shovel":407,"minecraft:shield":7,"minecraft:ladder":2,"minecraft:chest":27,"minecraft:nether_wart":60,"minecraft:bell":2,"minecraft:iron_sword":256,"funmod:crimsonite_sword":1167,"minecraft:soul_sand":24,"minecraft:mutton":2,"funmod:crimsonite_pickaxe":5462,"byg:aspen_planks":36,"dynamictrees:birch_branch":270,"minecraft:obsidian":35,"minecraft:glass":6,"minecraft:spruce_boat":4,"minecraft:lava_bucket":9,"byg:fir_log":2312,"minecraft:hay_block":1,"minecraft:sweet_berries":27,"minecraft:furnace":29,"minecraft:egg":1,"minecraft:potato":1,"minecraft:oak_planks":1,"minecraft:stone_pickaxe":188,"minecraft:wooden_pickaxe":6,"minecraft:sugar_cane":52,"byg:fir_boat":3,"minecraft:golden_apple":1,"minecraft:sand":44,"minecraft:blast_furnace":3,"minecraft:end_stone":6,"minecraft:pumpkin_seeds":16,"minecraft:cyan_bed":1,"minecraft:melon_slice":21,"minecraft:bread":61,"travelersbackpack:magma_cube":4,"minecraft:coal_block":1,"minecraft:grindstone":1,"minecraft:smithing_table":2,"dynamictrees:oak_branch":114,"minecraft:air":400,"minecraft:experience_bottle":1,"minecraft:stone_sword":26,"minecraft:flint_and_steel":9,"minecraft:spruce_planks":182,"byg:aspen_log":30,"minecraft:netherrack":777,"minecraft:orange_bed":5,"byg:fir_sapling":407,"minecraft:torch":295,"minecraft:dirt":92,"minecraft:anvil":1,"funmod:leafium_sword":490,"byg:aspen_crafting_table":6,"minecraft:iron_hoe":81,"minecraft:wooden_axe":1,"minecraft:iron_axe":1,"minecraft:golden_carrot":8,"tombstone:gift":6,"minecraft:cooked_beef":44,"spartanshields:shield_basic_diamond":57,"minecraft:cooked_mutton":32,"minecraft:wheat_seeds":144,"minecraft:water_bucket":140,"funmod:crimsonite_axe":602,"minecraft:baked_potato":5,"minecraft:fletching_table":2,"minecraft:green_bed":1,"minecraft:lime_bed":4,"minecraft:crafting_table":42,"minecraft:red_bed":3,"byg:fir_slab":212,"byg:fir_stairs":92,"minecraft:spruce_log":65,"minecraft:warped_planks":42,"minecraft:smoker":14,"tombstone:bag_of_seeds":2,"minecraft:oak_log":23,"minecraft:apple":4,"minecraft:ender_eye":21,"minecraft:diamond_shovel":99,"byg:fir_planks":579,"minecraft:iron_pickaxe":312,"minecraft:map":1,"minecraft:spruce_sapling":18,"byg:aspen_boat":9,"spartanshields:shield_basic_iron":3,"minecraft:purple_bed":10,"minecraft:stone_axe":21,"travelersbackpack:standard":14,"minecraft:cobblestone":506,"minecraft:cooked_porkchop":47,"minecraft:potion":1,"byg:fir_trapdoor":3,"byg:fir_door":1,"minecraft:bucket":163,"dynamictrees:acacia_branch":429},"minecraft:broken":{"minecraft:iron_chestplate":1,"minecraft:iron_leggings":1,"funmod:crimsonite_axe":1,"minecraft:iron_sword":1,"funmod:crimsonite_pickaxe":1,"minecraft:iron_pickaxe":1,"minecraft:iron_helmet":1},"minecraft:picked_up":{"minecraft:iron_chestplate":2,"minecraft:wheat":83,"minecraft:anvil":1,"minecraft:smithing_table":2,"minecraft:lead":2,"minecraft:potion":2,"byg:palo_verde_sapling":2,"minecraft:gilded_blackstone":3,"minecraft:nether_brick":20,"tombstone:grave_key":1,"byg:fir_boat":2,"minecraft:polished_blackstone_brick_stairs":1,"minecraft:string":104,"minecraft:iron_leggings":2,"minecraft:shroomlight":8,"dynamictrees:dark_oak_seed":13,"minecraft:gold_nugget":375,"minecraft:spruce_planks":534,"funmod:crimsonite_ingot":16,"minecraft:ender_eye":6,"minecraft:iron_pickaxe":2,"minecraft:melon_slice":21,"byg:fir_trapdoor":1,"minecraft:coal_block":1,"minecraft:furnace":25,"minecraft:iron_boots":4,"byg:fir_sapling":429,"minecraft:stick":375,"minecraft:acacia_fence":1,"funmod:leafium_ore":9,"minecraft:torch":17,"minecraft:acacia_log":8,"byg:anthracite":18,"minecraft:green_bed":1,"travelersbackpack:iron_tier_upgrade":1,"minecraft:porkchop":62,"tombstone:grave_dust":5,"funmod:joy_shard":3,"minecraft:diorite":24,"funmod:crimsonite_ore":38,"minecraft:warped_planks":9,"funmod:uranium_ore":11,"minecraft:cauldron":2,"byg:aspen_sapling":3,"minecraft:orange_bed":5,"minecraft:rotten_flesh":49,"minecraft:polished_basalt":1,"byg:aspen_crafting_table":4,"byg:fir_slab":20,"minecraft:white_terracotta":72,"minecraft:blaze_rod":48,"minecraft:obsidian":71,"minecraft:cobblestone":824,"minecraft:blaze_powder":2,"minecraft:magma_block":6,"minecraft:cooked_beef":6,"orcz:orcteeth":8,"minecraft:magma_cream":4,"minecraft:water_bucket":2,"minecraft:iron_door":15,"minecraft:andesite":30,"minecraft:brown_wool":1,"minecraft:smoker":13,"minecraft:flint":2,"minecraft:lapis_lazuli":76,"travelersbackpack:magma_cube":2,"minecraft:dirt":480,"minecraft:glass":3,"minecraft:bone":15,"minecraft:wheat_seeds":277,"minecraft:bell":2,"minecraft:grindstone":1,"funmod:soul_gel":4,"minecraft:mossy_stone_bricks":1,"minecraft:rabbit":1,"minecraft:glowstone_dust":25,"byg:cypress_sapling":1,"minecraft:oak_planks":7,"minecraft:cooked_porkchop":11,"minecraft:warped_wart_block":3,"minecraft:sand":127,"dynamictrees:acacia_seed":5,"minecraft:ink_sac":6,"minecraft:cyan_bed":1,"minecraft:spectral_arrow":6,"funmod:demonite_ore":14,"minecraft:light_gray_terracotta":30,"minecraft:sugar":5,"byg:aspen_log":24,"minecraft:diamond":25,"minecraft:spruce_boat":2,"minecraft:cracked_polished_blackstone_bricks":12,"minecraft:granite":11,"minecraft:chainmail_helmet":3,"orcz:ironscrap":2,"funmod:essence_of_greed":1,"minecraft:netherrack":1442,"minecraft:crimson_roots":9,"byg:fir_stairs":45,"funmod:insanity_shard":4,"minecraft:crafting_table":28,"byg:soapstone":1,"minecraft:nether_wart":106,"minecraft:ladder":1,"minecraft:wooden_pickaxe":1,"minecraft:red_bed":3,"minecraft:iron_axe":1,"minecraft:flint_and_steel":2,"minecraft:iron_shovel":3,"minecraft:blackstone":115,"minecraft:cracked_stone_bricks":1,"minecraft:cartography_table":1,"minecraft:beef":55,"minecraft:iron_nugget":27,"minecraft:poppy":1,"minecraft:light_gray_wool":3,"minecraft:sugar_cane":52,"minecraft:chest":7,"funmod:crimsonite_sword":4,"minecraft:egg":2,"minecraft:sandstone":6,"minecraft:end_stone":38,"minecraft:fire_charge":4,"minecraft:polished_blackstone_bricks":42,"minecraft:cookie":1,"funmod:soul_stone":1,"minecraft:carrot":1,"minecraft:redstone":56,"byg:fir_planks":356,"minecraft:tnt":6,"minecraft:arrow":21,"minecraft:nether_bricks":7,"byg:aspen_planks":8,"minecraft:hay_block":73,"byg:fir_log":2288,"minecraft:saddle":1,"minecraft:gold_ingot":28,"minecraft:rail":68,"minecraft:mutton":38,"dungeonsmod:soul_bottle":1,"byg:rocky_stone":10,"minecraft:white_wool":28,"minecraft:lime_bed":6,"minecraft:basalt":6,"minecraft:leather":40,"minecraft:cut_sandstone":10,"minecraft:blackstone_slab":1,"minecraft:ice":10,"minecraft:oak_log":6,"minecraft:chainmail_chestplate":2,"minecraft:ancient_debris":42,"minecraft:gunpowder":5,"minecraft:cobblestone_stairs":1,"minecraft:orange_terracotta":1,"minecraft:cooked_mutton":6,"byg:scoria_cobblestone":9,"minecraft:stone_bricks":3,"minecraft:warped_stem":13,"minecraft:rabbit_hide":2,"minecraft:iron_ingot":20,"minecraft:stone_pickaxe":2,"minecraft:iron_ore":209,"tombstone:bag_of_seeds":1,"minecraft:acacia_sapling":3,"minecraft:soul_sand":74,"minecraft:iron_sword":3,"travelersbackpack:blank_upgrade":4,"minecraft:book":487,"minecraft:pumpkin":4,"minecraft:sweet_berries":9,"byg:aspen_boat":9,"minecraft:quartz":8,"minecraft:dandelion":6,"minecraft:gravel":47,"minecraft:spruce_sapling":18,"minecraft:blast_furnace":3,"minecraft:spruce_log":92,"minecraft:gold_ore":22,"minecraft:crying_obsidian":7,"travelersbackpack:standard":1,"funmod:l_essence_of_greed":342,"minecraft:purple_bed":11,"minecraft:slime_ball":5,"minecraft:stone_axe":2,"minecraft:chainmail_leggings":2,"minecraft:iron_helmet":2,"minecraft:gray_wool":1,"minecraft:warped_roots":1,"minecraft:baked_potato":6,"tombstone:magic_scroll":1,"minecraft:black_wool":1,"minecraft:melon_seeds":3,"minecraft:warped_nylium":2,"minecraft:coal":592,"minecraft:ender_pearl":6},"minecraft:custom":{"minecraft:interact_with_crafting_table":137,"minecraft:open_barrel":2,"minecraft:bell_ring":70,"minecraft:leave_game":38,"minecraft:time_since_death":4939,"minecraft:damage_resisted":20,"minecraft:sprint_one_cm":2307319,"minecraft:damage_blocked_by_shield":4238,"minecraft:drop":594,"minecraft:talked_to_villager":127,"minecraft:deaths":48,"tombstone:tomb_raiding":1,"minecraft:jump":13600,"minecraft:interact_with_brewingstand":1,"minecraft:walk_on_water_one_cm":310819,"minecraft:interact_with_furnace":219,"minecraft:traded_with_villager":274,"minecraft:interact_with_cartography_table":1,"minecraft:play_one_minute":790638,"minecraft:sleep_in_bed":20,"minecraft:open_enderchest":2,"tombstone:sneak_grave":2,"minecraft:damage_dealt":69552,"minecraft:player_kills":1,"minecraft:crouch_one_cm":181097,"tombstone:undead_killed":104,"tombstone:villager_killed":4,"minecraft:interact_with_smoker":65,"minecraft:interact_with_smithing_table":8,"minecraft:interact_with_anvil":8,"minecraft:mob_kills":377,"minecraft:interact_with_campfire":6,"minecraft:damage_dealt_resisted":640,"minecraft:climb_one_cm":10963,"minecraft:walk_one_cm":1585183,"minecraft:sneak_time":44421,"minecraft:walk_under_water_one_cm":107982,"minecraft:boat_one_cm":278706,"minecraft:interact_with_blast_furnace":4,"tombstone:raider_killed":3,"minecraft:time_since_rest":4799,"minecraft:damage_taken":25958,"minecraft:damage_absorbed":52,"minecraft:swim_one_cm":104535,"minecraft:fly_one_cm":3718254,"minecraft:open_chest":116,"minecraft:fall_one_cm":316283},"minecraft:killed":{"minecraft:cave_spider":6,"orcz:goblinshield":1,"minecraft:zombified_piglin":2,"minecraft:spider":19,"magma_monsters:magma_monster":7,"orcz:orcshieldiron":2,"dungeonsmod:anthermite":24,"minecraft:skeleton":31,"magma_monsters:magma_monster_grunt":11,"minecraft:piglin_brute":2,"minecraft:magma_cube":3,"minecraft:piglin":10,"minecraft:pig":16,"minecraft:iron_golem":1,"orcz:goblinwerid":2,"dungeonsmod:pice":3,"minecraft:creeper":14,"minecraft:sheep":28,"minecraft:pillager":3,"minecraft:zombie":54,"orcz:orcsavage_2sword":5,"minecraft:blaze":50,"minecraft:cow":28,"dungeonsmod:rogue":1,"orcz:orcsavagemaceiron":1,"minecraft:slime":5,"minecraft:drowned":1,"orcz:orcsavageweird":1,"minecraft:husk":11,"minecraft:rabbit":2,"dungeonsmod:haunter":4,"minecraft:wandering_trader":1,"minecraft:hoglin":6,"orcz:goblin_2sword":2,"minecraft:wither_skeleton":1,"minecraft:villager":3,"minecraft:enderman":6}},"DataVersion":2586}