{"stats":{"minecraft:killed":{"orcz:goblinshield":1,"orcz:orcsavagemaceiron":1,"minecraft:spider":3,"orcz:orcshieldiron":1,"minecraft:skeleton":7,"orcz:orcsavagemace":2,"minecraft:husk":1,"minecraft:pig":2,"minecraft:hoglin":1,"minecraft:sheep":3,"minecraft:zombie":6,"orcz:orcsavage_2sword":1,"orcz:orcshield":1,"minecraft:enderman":2,"minecraft:cow":5},"minecraft:crafted":{"spartanshields:shield_basic_iron":1,"minecraft:furnace":1,"funmod:demonite_ingot":4,"minecraft:cooked_mutton":5,"funmod:demonite_boots":1,"funmod:leafium_sword":1,"minecraft:glass":16,"travelersbackpack:white_sleeping_bag":1,"travelersbackpack:gold":1,"minecraft:stone_pickaxe":1,"minecraft:chest":1,"byg:fir_planks":132,"spartanshields:shield_basic_wood":1,"minecraft:cooked_beef":7,"minecraft:cooked_porkchop":1,"minecraft:crafting_table":1,"minecraft:spruce_planks":52,"travelersbackpack:backpack_tank":2,"minecraft:iron_helmet":1,"minecraft:wooden_pickaxe":1,"travelersbackpack:standard":1,"minecraft:bucket":2,"minecraft:birch_planks":24,"funmod:orb_of_joy":1,"minecraft:stone_axe":1,"minecraft:air":0,"funmod:leafium_ingot":3,"funmod:uranium_ingot":8,"minecraft:iron_chestplate":1,"minecraft:stick":16,"minecraft:iron_ingot":39,"minecraft:iron_pickaxe":1,"minecraft:stone_sword":1,"minecraft:iron_leggings":1,"minecraft:gold_ingot":25},"minecraft:picked_up":{"funmod:insanity_shard":12,"minecraft:crafting_table":8,"byg:soapstone":2,"minecraft:wheat":5,"minecraft:chainmail_boots":1,"minecraft:lead":2,"minecraft:wooden_pickaxe":1,"minecraft:gold_block":2,"byg:palo_verde_sapling":4,"minecraft:string":9,"byg:fir_boat":2,"minecraft:gold_nugget":3,"minecraft:spruce_planks":76,"minecraft:beef":11,"minecraft:poppy":1,"minecraft:iron_pickaxe":1,"minecraft:light_gray_wool":1,"minecraft:sugar_cane":12,"minecraft:iron_boots":1,"minecraft:furnace":6,"byg:fir_sapling":35,"minecraft:stick":26,"spartanshields:shield_basic_iron":1,"funmod:leafium_ore":1,"minecraft:torch":15,"minecraft:porkchop":3,"funmod:joy_shard":16,"tombstone:grave_dust":4,"minecraft:diorite":9,"byg:cattail":1,"funmod:uranium_ore":8,"byg:fir_planks":55,"byg:aspen_sapling":1,"minecraft:stone_sword":2,"minecraft:arrow":5,"minecraft:rotten_flesh":14,"dynamictrees:crimson_seed":1,"byg:fir_log":33,"minecraft:mutton":9,"byg:rocky_stone":8,"minecraft:white_wool":3,"minecraft:cobblestone":26,"minecraft:cooked_beef":6,"orcz:orcteeth":5,"minecraft:andesite":9,"minecraft:brown_wool":1,"minecraft:leather":8,"minecraft:dirt":29,"minecraft:white_banner":1,"minecraft:twisting_vines":2,"minecraft:cooked_mutton":3,"minecraft:bone":7,"minecraft:apple":3,"minecraft:bow":1,"minecraft:wheat_seeds":4,"minecraft:iron_ingot":17,"minecraft:stone_pickaxe":3,"minecraft:iron_ore":32,"funmod:soul_gel":1,"travelersbackpack:gold":2,"minecraft:cooked_porkchop":1,"minecraft:sweet_berries":54,"minecraft:dandelion":1,"minecraft:gravel":4,"minecraft:sand":21,"minecraft:spruce_sapling":13,"minecraft:ink_sac":9,"minecraft:spruce_log":13,"minecraft:spider_eye":1,"funmod:l_essence_of_greed":45,"funmod:demonite_ore":4,"minecraft:purple_bed":1,"minecraft:stone_axe":2,"byg:palo_verde_log":6,"minecraft:granite":1,"orcz:ironscrap":4,"minecraft:baked_potato":3,"minecraft:netherrack":14,"minecraft:black_wool":1,"minecraft:coal":29},"minecraft:dropped":{"minecraft:iron_ingot":1,"minecraft:birch_planks":24,"minecraft:wheat_seeds":4,"minecraft:baked_potato":2,"minecraft:cobblestone":8,"minecraft:lead":2,"minecraft:leather":3,"minecraft:granite":1,"byg:fir_sapling":5,"byg:fir_boat":1,"minecraft:stick":5,"byg:cattail":1,"minecraft:dirt":14,"minecraft:diorite":9,"minecraft:ink_sac":6,"byg:soapstone":2,"minecraft:brown_wool":1,"tombstone:grave_dust":6,"minecraft:sand":5,"minecraft:string":9,"minecraft:spruce_sapling":8,"minecraft:dandelion":2,"minecraft:bone":7,"minecraft:gravel":4,"minecraft:stone_axe":2,"minecraft:sweet_berries":4,"minecraft:sugar_cane":12,"minecraft:stone_sword":2,"minecraft:twisting_vines":1,"tombstone:gift":1,"minecraft:rotten_flesh":6,"minecraft:light_gray_wool":1,"byg:fir_planks":48,"byg:palo_verde_sapling":4,"minecraft:poppy":1,"minecraft:spruce_planks":23,"byg:rocky_stone":8,"byg:aspen_sapling":2,"minecraft:andesite":9,"minecraft:spider_eye":1,"minecraft:bow":1,"minecraft:arrow":5,"minecraft:glass":4,"minecraft:stone_pickaxe":4,"minecraft:wooden_pickaxe":1},"minecraft:killed_by":{"minecraft:player":4,"minecraft:skeleton":2,"minecraft:zombie":1},"minecraft:custom":{"minecraft:mob_kills":37,"minecraft:interact_with_crafting_table":71,"minecraft:damage_dealt_resisted":138,"minecraft:leave_game":16,"minecraft:time_since_death":8027,"minecraft:climb_one_cm":238,"minecraft:sprint_one_cm":270403,"minecraft:walk_one_cm":336382,"minecraft:damage_blocked_by_shield":1149,"minecraft:drop":68,"minecraft:deaths":15,"minecraft:sneak_time":4326,"minecraft:walk_under_water_one_cm":24448,"minecraft:boat_one_cm":113017,"minecraft:jump":3010,"minecraft:walk_on_water_one_cm":66248,"minecraft:interact_with_furnace":115,"minecraft:play_one_minute":184190,"minecraft:sleep_in_bed":5,"minecraft:time_since_rest":5628,"minecraft:damage_taken":6022,"minecraft:damage_dealt":8456,"minecraft:swim_one_cm":49979,"minecraft:fly_one_cm":450957,"minecraft:open_chest":13,"minecraft:crouch_one_cm":32397,"tombstone:undead_killed":14,"minecraft:interact_with_smoker":2,"minecraft:fall_one_cm":62780},"minecraft:mined":{"byg:cattail":1,"minecraft:granite":8,"minecraft:grass_block":1,"minecraft:crimson_roots":2,"minecraft:spruce_leaves":2,"minecraft:large_fern":1,"dynamictrees:oak_leaves":1,"minecraft:tall_seagrass":1,"minecraft:furnace":4,"minecraft:nether_sprouts":2,"minecraft:iron_ore":35,"minecraft:fire":3,"minecraft:gold_block":2,"funmod:joy_ore":16,"minecraft:twisting_vines":1,"minecraft:stone":16,"funmod:uranium_ore":8,"funmod:leafium_ore":1,"funmod:insanity_ore":13,"minecraft:crafting_table":6,"minecraft:poppy":1,"minecraft:dead_bush":1,"minecraft:tall_grass":4,"minecraft:cobblestone":3,"minecraft:sugar_cane":8,"dynamictrees:crimson_sapling":1,"minecraft:wall_torch":1,"minecraft:purple_bed":1,"byg:soapstone":1,"funmod:demonite_ore":4,"minecraft:sweet_berry_bush":34,"minecraft:spruce_log":13,"byg:overgrown_stone":1,"minecraft:grass":33,"minecraft:coal_ore":28,"byg:palo_verde_log":9,"minecraft:sand":10,"minecraft:cobweb":5,"byg:fir_log":25,"minecraft:netherrack":2,"minecraft:fern":3},"minecraft:used":{"minecraft:stone_sword":72,"minecraft:spruce_planks":6,"minecraft:rotten_flesh":9,"minecraft:netherrack":1,"minecraft:torch":9,"minecraft:dirt":15,"funmod:leafium_sword":135,"minecraft:lava_bucket":2,"travelersbackpack:gold":4,"byg:fir_log":22,"minecraft:sweet_berries":66,"minecraft:furnace":5,"tombstone:gift":4,"minecraft:cooked_beef":7,"minecraft:cooked_mutton":8,"minecraft:water_bucket":1,"byg:palo_verde_log":5,"minecraft:stone_pickaxe":84,"minecraft:baked_potato":1,"minecraft:wooden_pickaxe":6,"minecraft:crafting_table":7,"minecraft:spruce_log":9,"minecraft:apple":3,"byg:fir_planks":23,"minecraft:bread":2,"minecraft:iron_pickaxe":79,"spartanshields:shield_basic_iron":33,"minecraft:stone_axe":23,"minecraft:fire_charge":1,"travelersbackpack:standard":4,"minecraft:purple_bed":1,"minecraft:porkchop":1,"minecraft:cooked_porkchop":2,"minecraft:bucket":5}},"DataVersion":2586}