{"stats":{"minecraft:mined":{"minecraft:attached_melon_stem":1,"byg:cattail":1,"minecraft:granite":22,"minecraft:acacia_log":1,"minecraft:grass_block":47,"minecraft:nether_wart":24,"minecraft:tall_seagrass":1,"minecraft:iron_ore":55,"minecraft:fire":98,"minecraft:twisting_vines":1,"minecraft:orange_bed":1,"funmod:uranium_ore":15,"minecraft:brown_mushroom":1,"funmod:leafium_ore":3,"minecraft:red_bed":1,"minecraft:blackstone":5,"minecraft:kelp_plant":4,"minecraft:crimson_nylium":8,"minecraft:torch":1,"minecraft:poppy":4,"minecraft:melon":22,"minecraft:chest":2,"minecraft:dead_bush":2,"minecraft:cobblestone":17,"minecraft:grindstone":1,"minecraft:sugar_cane":8,"dynamictrees:crimson_sapling":1,"minecraft:wall_torch":5,"byg:soapstone":12,"minecraft:nether_wart_block":4,"funmod:demonite_ore":24,"minecraft:wheat":73,"byg:overgrown_stone":1,"byg:cypress_log":30,"minecraft:grass":232,"minecraft:sand":46,"minecraft:dirt":53,"minecraft:ancient_debris":6,"minecraft:netherrack":182,"minecraft:nether_gold_ore":1,"minecraft:diamond_ore":20,"byg:water_silk":21,"dynamictrees:birch_branch":158,"funmod:crimsonite_ore":1,"minecraft:crimson_roots":2,"minecraft:spruce_leaves":2,"minecraft:sandstone":4,"minecraft:large_fern":1,"minecraft:hay_block":40,"dynamictrees:oak_leaves":1,"minecraft:redstone_ore":1,"minecraft:furnace":12,"byg:fir_planks":3,"minecraft:nether_sprouts":2,"travelersbackpack:magma_cube":1,"minecraft:andesite":15,"minecraft:gold_block":2,"funmod:joy_ore":24,"travelersbackpack:wither":5,"minecraft:bookshelf":8,"minecraft:rail":2,"byg:rocky_stone":4,"minecraft:stone":220,"byg:tiny_lilypads":1,"funmod:insanity_ore":29,"minecraft:basalt":11,"minecraft:dandelion":1,"minecraft:oak_fence":2,"minecraft:crafting_table":9,"minecraft:lectern":1,"minecraft:tall_grass":24,"minecraft:diorite":48,"minecraft:air":75,"minecraft:purple_bed":1,"minecraft:lime_bed":1,"byg:scoria_stone":2,"byg:flowering_palo_verde_leaves":1,"minecraft:sweet_berry_bush":34,"minecraft:spruce_log":13,"byg:short_grass":5,"byg:leaf_pile":1,"minecraft:coal_ore":46,"minecraft:gravel":31,"byg:palo_verde_log":14,"minecraft:cobweb":32,"minecraft:acacia_planks":1,"byg:fir_log":25,"minecraft:gold_ore":41,"minecraft:fern":3},"minecraft:crafted":{"minecraft:ender_chest":1,"securitycraft:mine":3,"spartanshields:shield_basic_iron":1,"minecraft:blaze_powder":2,"funmod:demonite_ingot":24,"minecraft:cooked_mutton":5,"funmod:demonite_boots":1,"minecraft:glass":28,"funmod:demonite_helmet":1,"tombstone:grave_key":5,"minecraft:chest":2,"funmod:demonite_leggings":1,"byg:fir_planks":132,"minecraft:ender_eye":1,"minecraft:golden_boots":3,"spartanshields:shield_basic_wood":1,"minecraft:cooked_porkchop":49,"minecraft:crafting_table":2,"minecraft:spruce_planks":52,"minecraft:iron_helmet":1,"minecraft:wooden_pickaxe":1,"travelersbackpack:standard":1,"minecraft:smithing_table":1,"minecraft:brewing_stand":1,"minecraft:birch_planks":24,"funmod:orb_of_joy":2,"funmod:uranium_ingot":14,"minecraft:iron_chestplate":1,"minecraft:diamond_pickaxe":1,"minecraft:stick":16,"minecraft:iron_ingot":56,"funmod:crimsonite_ingot":14,"minecraft:iron_pickaxe":1,"minecraft:stone_sword":1,"minecraft:gold_ingot":66,"funmod:leafium_axe":1,"minecraft:netherite_ingot":2,"travelersbackpack:netherite_tier_upgrade":1,"minecraft:furnace":5,"travelersbackpack:blank_upgrade":4,"travelersbackpack:gold_tier_upgrade":1,"travelersbackpack:wither":3,"funmod:leafium_sword":1,"travelersbackpack:white_sleeping_bag":1,"funmod:demonite_chestplate":1,"travelersbackpack:gold":1,"minecraft:stone_pickaxe":1,"minecraft:netherite_scrap":7,"spartanshields:shield_tower_wood":1,"travelersbackpack:diamond_tier_upgrade":1,"minecraft:cooked_beef":7,"travelersbackpack:backpack_tank":4,"minecraft:bucket":2,"minecraft:stone_axe":1,"minecraft:air":0,"funmod:leafium_ingot":5,"securitycraft:dirt_mine":3,"minecraft:iron_leggings":1,"spartanshields:shield_tower_diamond":1},"minecraft:dropped":{"minecraft:soul_sand":28,"minecraft:birch_planks":24,"minecraft:porkchop":3,"minecraft:oak_log":3,"minecraft:baked_potato":2,"minecraft:diamond":1,"minecraft:crafting_table":1,"minecraft:crossbow":1,"minecraft:cookie":2,"minecraft:warped_roots":1,"minecraft:leather":4,"byg:palo_verde_log":4,"minecraft:cracked_stone_bricks":1,"minecraft:rail":10,"byg:fir_boat":2,"minecraft:flint":2,"minecraft:emerald":2,"minecraft:dirt":36,"minecraft:crimson_roots":2,"minecraft:cut_sandstone":1,"minecraft:gold_nugget":23,"minecraft:gilded_blackstone":5,"minecraft:sand":10,"minecraft:polished_blackstone_bricks":1,"minecraft:sugar":1,"minecraft:iron_pickaxe":2,"minecraft:birch_log":9,"byg:scoria_cobblestone":4,"minecraft:white_wool":1,"minecraft:gold_ingot":37,"minecraft:bone":17,"minecraft:gravel":48,"minecraft:stone_axe":2,"minecraft:blackstone":37,"minecraft:sugar_cane":12,"minecraft:golden_chestplate":2,"minecraft:twisting_vines":2,"minecraft:nether_brick":4,"minecraft:wheat":5,"minecraft:obsidian":4,"tombstone:gift":3,"minecraft:rotten_flesh":13,"minecraft:oak_planks":8,"minecraft:blaze_powder":1,"byg:cypress_sapling":2,"byg:palo_verde_sapling":5,"minecraft:poppy":1,"byg:rocky_stone":8,"minecraft:melon_seeds":2,"funmod:l_essence_of_greed":78,"minecraft:chainmail_boots":3,"byg:tiny_lilypads":1,"minecraft:acacia_sapling":1,"minecraft:chest":1,"minecraft:iron_ore":2,"minecraft:basalt":1,"minecraft:arrow":27,"minecraft:glass":4,"minecraft:crying_obsidian":1,"minecraft:quartz":26,"minecraft:netherrack":47,"minecraft:golden_boots":2,"byg:cypress_log":27,"minecraft:iron_ingot":1,"minecraft:wheat_seeds":25,"minecraft:oak_fence":1,"minecraft:feather":2,"minecraft:cobblestone":12,"minecraft:lead":2,"minecraft:granite":12,"byg:fir_sapling":5,"minecraft:chainmail_helmet":2,"minecraft:coal":18,"minecraft:stick":9,"byg:cattail":1,"minecraft:gray_wool":1,"minecraft:diorite":87,"minecraft:golden_carrot":1,"minecraft:ink_sac":6,"minecraft:torch":8,"tombstone:grave_key":3,"byg:soapstone":4,"minecraft:nether_wart_block":4,"byg:anthracite":23,"minecraft:brown_wool":1,"travelersbackpack:blank_upgrade":1,"tombstone:grave_dust":10,"minecraft:iron_leggings":1,"funmod:crimsonite_ingot":14,"minecraft:string":67,"minecraft:spruce_sapling":8,"minecraft:dandelion":3,"minecraft:furnace":2,"dynamictrees:crimson_seed":1,"minecraft:sweet_berries":4,"minecraft:warped_nylium":2,"minecraft:stone_sword":2,"byg:fir_planks":50,"minecraft:light_gray_wool":1,"minecraft:iron_boots":2,"minecraft:flint_and_steel":1,"minecraft:hay_block":41,"minecraft:orange_terracotta":1,"minecraft:spruce_planks":23,"minecraft:iron_chestplate":1,"byg:aspen_sapling":2,"minecraft:andesite":36,"minecraft:golden_leggings":1,"minecraft:golden_sword":1,"minecraft:spider_eye":11,"minecraft:bow":1,"minecraft:stone_pickaxe":4,"minecraft:wooden_pickaxe":1,"minecraft:black_wool":1},"minecraft:killed_by":{"minecraft:piglin_brute":12,"minecraft:piglin":6,"minecraft:zombie":1,"minecraft:player":5,"minecraft:enderman":1,"minecraft:hoglin":1,"minecraft:skeleton":3},"minecraft:used":{"funmod:leafium_axe":111,"minecraft:chest":1,"minecraft:nether_wart":24,"minecraft:rotten_flesh":11,"minecraft:mutton":1,"byg:palo_verde_sapling":1,"dynamictrees:birch_branch":158,"minecraft:lava_bucket":11,"minecraft:grass_block":1,"byg:fir_log":22,"minecraft:golden_sword":2,"minecraft:sweet_berries":66,"minecraft:furnace":13,"minecraft:egg":3,"minecraft:stone_pickaxe":84,"minecraft:ender_pearl":15,"minecraft:wooden_pickaxe":6,"byg:fir_boat":6,"minecraft:sand":11,"minecraft:crossbow":6,"minecraft:melon_slice":92,"minecraft:bread":12,"minecraft:lectern":1,"tombstone:grave_key":4,"minecraft:gravel":22,"minecraft:fire_charge":1,"travelersbackpack:magma_cube":4,"minecraft:grindstone":1,"minecraft:smithing_table":1,"minecraft:air":75,"minecraft:stone_sword":72,"minecraft:flint_and_steel":11,"minecraft:spruce_planks":6,"minecraft:ender_chest":1,"minecraft:netherrack":112,"minecraft:torch":10,"minecraft:brewing_stand":1,"minecraft:dirt":134,"funmod:leafium_sword":752,"byg:aspen_crafting_table":1,"travelersbackpack:gold":11,"minecraft:basalt":10,"minecraft:golden_carrot":24,"securitycraft:dirt_mine":1,"tombstone:gift":4,"minecraft:cooked_beef":7,"minecraft:cooked_mutton":8,"minecraft:wheat_seeds":14,"minecraft:water_bucket":24,"byg:palo_verde_log":10,"minecraft:baked_potato":1,"travelersbackpack:wither":6,"minecraft:lime_bed":1,"minecraft:crafting_table":11,"minecraft:red_bed":1,"minecraft:spruce_log":9,"tombstone:bag_of_seeds":2,"minecraft:ender_eye":8,"minecraft:diamond_pickaxe":539,"minecraft:apple":3,"byg:fir_planks":71,"minecraft:diamond_shovel":137,"minecraft:iron_pickaxe":277,"spartanshields:shield_tower_diamond":176,"spartanshields:shield_basic_iron":71,"minecraft:stone_axe":47,"minecraft:purple_bed":1,"minecraft:cobblestone":131,"travelersbackpack:standard":4,"minecraft:porkchop":1,"minecraft:cooked_porkchop":58,"byg:scoria_cobblestone":1,"minecraft:bucket":37},"minecraft:broken":{"minecraft:golden_boots":1,"minecraft:iron_chestplate":1,"minecraft:iron_pickaxe":1,"minecraft:iron_helmet":1},"minecraft:picked_up":{"minecraft:iron_chestplate":4,"minecraft:wheat":65,"minecraft:chainmail_boots":3,"minecraft:lead":3,"minecraft:potion":3,"minecraft:gilded_blackstone":5,"minecraft:nether_brick":8,"byg:palo_verde_sapling":6,"tombstone:grave_key":1,"minecraft:golden_sword":1,"minecraft:string":68,"byg:fir_boat":9,"dynamictrees:dark_oak_seed":3,"minecraft:gold_nugget":28,"minecraft:spruce_planks":76,"minecraft:ender_eye":8,"minecraft:iron_pickaxe":2,"minecraft:melon_slice":94,"minecraft:iron_boots":4,"minecraft:furnace":14,"byg:fir_sapling":35,"minecraft:stick":57,"minecraft:acacia_fence":1,"funmod:leafium_ore":3,"minecraft:oak_fence":1,"byg:anthracite":32,"minecraft:torch":24,"travelersbackpack:iron_tier_upgrade":1,"minecraft:porkchop":61,"funmod:joy_shard":24,"tombstone:grave_dust":14,"minecraft:diorite":102,"byg:cattail":1,"funmod:uranium_ore":14,"minecraft:golden_chestplate":3,"byg:aspen_sapling":1,"minecraft:stone_sword":2,"minecraft:rotten_flesh":32,"byg:aspen_crafting_table":2,"byg:fir_slab":1,"minecraft:blaze_rod":2,"minecraft:obsidian":12,"minecraft:iron_bars":15,"minecraft:cobblestone":255,"minecraft:birch_log":9,"minecraft:feather":2,"minecraft:cooked_beef":7,"orcz:orcteeth":9,"minecraft:magma_cream":3,"minecraft:andesite":42,"minecraft:brown_wool":1,"byg:cypress_log":27,"minecraft:flint":4,"travelersbackpack:magma_cube":2,"minecraft:lapis_lazuli":64,"minecraft:dirt":195,"minecraft:twisting_vines":2,"minecraft:bone":19,"minecraft:bow":1,"minecraft:wheat_seeds":205,"minecraft:grindstone":1,"funmod:soul_gel":2,"byg:cypress_sapling":2,"travelersbackpack:gold":2,"minecraft:oak_planks":8,"minecraft:cooked_porkchop":8,"minecraft:sand":78,"dynamictrees:acacia_seed":1,"minecraft:ink_sac":9,"minecraft:grass_block":1,"minecraft:spectral_arrow":27,"funmod:demonite_ore":24,"minecraft:sugar":1,"funmod:leafium_sword":3,"minecraft:diamond":28,"minecraft:granite":19,"minecraft:chainmail_helmet":2,"minecraft:emerald":2,"minecraft:bread":17,"orcz:ironscrap":6,"minecraft:netherrack":234,"minecraft:crimson_roots":2,"funmod:insanity_shard":28,"minecraft:crafting_table":13,"byg:soapstone":13,"minecraft:chicken":1,"minecraft:nether_wart":62,"minecraft:wooden_pickaxe":1,"minecraft:gold_block":2,"byg:tiny_lilypads":1,"minecraft:red_bed":2,"minecraft:iron_axe":1,"minecraft:flint_and_steel":1,"minecraft:iron_shovel":1,"minecraft:blackstone":42,"minecraft:cracked_stone_bricks":1,"minecraft:beef":26,"minecraft:poppy":3,"minecraft:light_gray_wool":1,"minecraft:lectern":1,"minecraft:sugar_cane":15,"minecraft:chest":2,"minecraft:egg":4,"minecraft:sandstone":4,"minecraft:end_stone":1,"spartanshields:shield_basic_iron":2,"minecraft:fire_charge":1,"minecraft:polished_blackstone_bricks":1,"minecraft:cookie":2,"minecraft:redstone":4,"byg:fir_planks":62,"minecraft:arrow":18,"dynamictrees:crimson_seed":1,"minecraft:hay_block":41,"byg:fir_log":90,"funmod:leafium_ingot":3,"minecraft:gold_ingot":2,"minecraft:mutton":20,"dungeonsmod:soul_bottle":2,"byg:rocky_stone":12,"minecraft:rail":64,"minecraft:white_wool":11,"minecraft:lime_bed":1,"minecraft:basalt":11,"minecraft:cut_sandstone":1,"minecraft:leather":33,"minecraft:oak_log":3,"minecraft:chainmail_chestplate":1,"minecraft:ancient_debris":6,"minecraft:nether_wart_block":4,"minecraft:gunpowder":4,"minecraft:white_banner":1,"minecraft:orange_terracotta":1,"minecraft:cooked_mutton":3,"byg:scoria_cobblestone":5,"minecraft:apple":3,"funmod:demonite_helmet":1,"minecraft:iron_ingot":18,"dynamictrees:birch_seed":11,"minecraft:stone_pickaxe":3,"minecraft:iron_ore":51,"tombstone:bag_of_seeds":1,"minecraft:acacia_sapling":1,"minecraft:soul_sand":31,"minecraft:book":24,"minecraft:sweet_berries":54,"minecraft:quartz":26,"minecraft:dandelion":2,"minecraft:gravel":70,"minecraft:spruce_sapling":13,"travelersbackpack:wither":6,"minecraft:spruce_log":13,"minecraft:gold_ore":41,"minecraft:crying_obsidian":4,"minecraft:spider_eye":11,"funmod:l_essence_of_greed":307,"minecraft:purple_bed":1,"minecraft:stone_axe":2,"byg:palo_verde_log":10,"minecraft:iron_helmet":1,"minecraft:gray_wool":1,"minecraft:warped_roots":1,"minecraft:baked_potato":3,"minecraft:melon_seeds":2,"minecraft:black_wool":1,"minecraft:warped_nylium":3,"minecraft:coal":113,"minecraft:ender_pearl":11},"minecraft:custom":{"minecraft:interact_with_crafting_table":110,"minecraft:leave_game":42,"minecraft:time_since_death":0,"minecraft:damage_resisted":140,"minecraft:sprint_one_cm":987645,"minecraft:damage_blocked_by_shield":8914,"minecraft:drop":320,"minecraft:talked_to_villager":15,"minecraft:deaths":53,"minecraft:jump":10814,"minecraft:interact_with_brewingstand":1,"minecraft:walk_on_water_one_cm":156686,"minecraft:interact_with_furnace":242,"minecraft:play_one_minute":629650,"minecraft:sleep_in_bed":14,"minecraft:open_enderchest":6,"minecraft:damage_dealt":41590,"minecraft:crouch_one_cm":135876,"tombstone:undead_killed":42,"minecraft:interact_with_smoker":5,"minecraft:interact_with_smithing_table":7,"minecraft:mob_kills":154,"minecraft:damage_dealt_resisted":138,"minecraft:climb_one_cm":3860,"minecraft:walk_one_cm":1189760,"minecraft:sneak_time":22582,"minecraft:walk_under_water_one_cm":96125,"minecraft:boat_one_cm":181860,"minecraft:time_since_rest":1046,"minecraft:damage_taken":25543,"minecraft:swim_one_cm":298077,"minecraft:fly_one_cm":3388273,"minecraft:open_chest":162,"minecraft:fall_one_cm":284404},"minecraft:killed":{"minecraft:cave_spider":5,"orcz:goblinshield":1,"minecraft:spider":9,"orcz:orcshieldiron":1,"dungeonsmod:anthermite":1,"minecraft:skeleton":15,"magma_monsters:magma_monster_grunt":2,"minecraft:chicken":1,"minecraft:silverfish":3,"minecraft:piglin_brute":1,"minecraft:piglin":19,"minecraft:pig":10,"minecraft:zombie_villager":1,"orcz:goblinsavagemace":2,"minecraft:creeper":3,"orcz:orcsavage_2swordiron":1,"minecraft:sheep":12,"minecraft:zombie":18,"orcz:orcsavage_2sword":1,"orcz:orcshield":3,"minecraft:cow":10,"orcz:orcsavagemaceiron":1,"orcz:orcsavagemace":3,"minecraft:husk":7,"dungeonsmod:haunter":1,"minecraft:hoglin":14,"orcz:goblin_2sword":1,"minecraft:enderman":6}},"DataVersion":2586}