{"stats":{"minecraft:broken":{"minecraft:iron_chestplate":1,"minecraft:iron_pickaxe":1,"minecraft:iron_helmet":1},"minecraft:killed_by":{"minecraft:piglin_brute":4,"minecraft:piglin":3,"minecraft:zombie":1,"minecraft:player":5,"minecraft:skeleton":3},"minecraft:killed":{"minecraft:cave_spider":5,"orcz:goblinshield":1,"minecraft:spider":6,"orcz:orcshieldiron":1,"minecraft:skeleton":10,"minecraft:chicken":1,"minecraft:piglin":11,"minecraft:pig":3,"orcz:goblinsavagemace":1,"minecraft:creeper":1,"minecraft:sheep":4,"minecraft:zombie":8,"orcz:orcsavage_2sword":1,"orcz:orcshield":1,"minecraft:cow":6,"orcz:orcsavagemaceiron":1,"orcz:orcsavagemace":2,"minecraft:husk":1,"minecraft:hoglin":1,"minecraft:enderman":2},"minecraft:mined":{"minecraft:attached_melon_stem":1,"byg:cattail":1,"minecraft:granite":10,"minecraft:acacia_log":1,"minecraft:grass_block":44,"minecraft:tall_seagrass":1,"minecraft:iron_ore":53,"minecraft:fire":26,"minecraft:twisting_vines":1,"funmod:uranium_ore":15,"minecraft:brown_mushroom":1,"funmod:leafium_ore":3,"minecraft:kelp_plant":2,"minecraft:poppy":1,"minecraft:melon":14,"minecraft:chest":2,"minecraft:dead_bush":1,"minecraft:cobblestone":10,"minecraft:grindstone":1,"minecraft:sugar_cane":8,"dynamictrees:crimson_sapling":1,"minecraft:wall_torch":2,"byg:soapstone":3,"funmod:demonite_ore":24,"minecraft:wheat":58,"byg:overgrown_stone":1,"minecraft:grass":76,"minecraft:sand":11,"minecraft:dirt":48,"minecraft:netherrack":12,"minecraft:nether_gold_ore":1,"minecraft:diamond_ore":12,"funmod:crimsonite_ore":1,"minecraft:crimson_roots":2,"minecraft:spruce_leaves":2,"minecraft:large_fern":1,"dynamictrees:oak_leaves":1,"minecraft:redstone_ore":1,"minecraft:furnace":12,"byg:fir_planks":2,"minecraft:nether_sprouts":2,"minecraft:andesite":9,"minecraft:gold_block":2,"funmod:joy_ore":24,"travelersbackpack:wither":1,"minecraft:bookshelf":8,"minecraft:rail":2,"minecraft:stone":97,"funmod:insanity_ore":29,"minecraft:basalt":1,"minecraft:dandelion":1,"minecraft:oak_fence":2,"minecraft:crafting_table":8,"minecraft:lectern":1,"minecraft:tall_grass":11,"minecraft:diorite":34,"minecraft:purple_bed":1,"byg:scoria_stone":2,"minecraft:sweet_berry_bush":34,"minecraft:spruce_log":13,"minecraft:coal_ore":46,"minecraft:gravel":6,"byg:palo_verde_log":9,"minecraft:cobweb":26,"minecraft:acacia_planks":1,"byg:fir_log":25,"minecraft:gold_ore":13,"minecraft:fern":3},"minecraft:custom":{"minecraft:interact_with_crafting_table":92,"minecraft:leave_game":24,"minecraft:time_since_death":54962,"minecraft:sprint_one_cm":502431,"minecraft:damage_blocked_by_shield":3284,"minecraft:drop":213,"minecraft:talked_to_villager":1,"minecraft:deaths":29,"minecraft:jump":5833,"minecraft:walk_on_water_one_cm":99258,"minecraft:interact_with_furnace":169,"minecraft:play_one_minute":360282,"minecraft:sleep_in_bed":8,"minecraft:damage_dealt":13483,"minecraft:crouch_one_cm":81583,"tombstone:undead_killed":19,"minecraft:interact_with_smoker":2,"minecraft:interact_with_smithing_table":2,"minecraft:mob_kills":68,"minecraft:damage_dealt_resisted":138,"minecraft:climb_one_cm":1204,"minecraft:walk_one_cm":684396,"minecraft:sneak_time":14401,"minecraft:walk_under_water_one_cm":31652,"minecraft:boat_one_cm":113017,"minecraft:time_since_rest":30243,"minecraft:damage_taken":12568,"minecraft:swim_one_cm":68931,"minecraft:fly_one_cm":864945,"minecraft:open_chest":63,"minecraft:fall_one_cm":122871},"minecraft:crafted":{"securitycraft:mine":3,"spartanshields:shield_basic_iron":1,"funmod:demonite_ingot":24,"minecraft:cooked_mutton":5,"funmod:demonite_boots":1,"minecraft:glass":16,"funmod:demonite_helmet":1,"tombstone:grave_key":1,"minecraft:chest":1,"funmod:demonite_leggings":1,"byg:fir_planks":132,"spartanshields:shield_basic_wood":1,"minecraft:cooked_porkchop":1,"minecraft:crafting_table":2,"minecraft:spruce_planks":52,"travelersbackpack:standard":1,"minecraft:wooden_pickaxe":1,"minecraft:iron_helmet":1,"minecraft:birch_planks":24,"minecraft:brewing_stand":1,"funmod:orb_of_joy":2,"funmod:uranium_ingot":14,"minecraft:iron_chestplate":1,"minecraft:diamond_pickaxe":1,"minecraft:stick":16,"minecraft:iron_pickaxe":1,"minecraft:iron_ingot":56,"funmod:crimsonite_ingot":14,"minecraft:stone_sword":1,"minecraft:gold_ingot":38,"funmod:leafium_axe":1,"minecraft:furnace":4,"travelersbackpack:wither":1,"funmod:leafium_sword":1,"travelersbackpack:white_sleeping_bag":1,"funmod:demonite_chestplate":1,"travelersbackpack:gold":1,"minecraft:stone_pickaxe":1,"spartanshields:shield_tower_wood":1,"minecraft:cooked_beef":7,"travelersbackpack:backpack_tank":2,"minecraft:bucket":2,"minecraft:stone_axe":1,"minecraft:air":0,"funmod:leafium_ingot":5,"securitycraft:dirt_mine":3,"minecraft:iron_leggings":1,"spartanshields:shield_tower_diamond":1},"minecraft:picked_up":{"minecraft:iron_chestplate":3,"minecraft:wheat":52,"minecraft:chainmail_boots":3,"minecraft:lead":3,"minecraft:gilded_blackstone":5,"byg:palo_verde_sapling":4,"tombstone:grave_key":1,"minecraft:golden_sword":1,"minecraft:string":47,"byg:fir_boat":2,"minecraft:gold_nugget":14,"minecraft:spruce_planks":76,"minecraft:iron_pickaxe":2,"minecraft:melon_slice":60,"minecraft:furnace":14,"minecraft:iron_boots":1,"byg:fir_sapling":35,"minecraft:stick":28,"minecraft:acacia_fence":1,"funmod:leafium_ore":3,"minecraft:oak_fence":1,"minecraft:torch":19,"travelersbackpack:iron_tier_upgrade":1,"minecraft:porkchop":4,"funmod:joy_shard":24,"tombstone:grave_dust":4,"minecraft:diorite":88,"byg:cattail":1,"funmod:uranium_ore":14,"minecraft:golden_chestplate":2,"byg:aspen_sapling":1,"minecraft:stone_sword":2,"minecraft:rotten_flesh":18,"byg:aspen_crafting_table":2,"byg:fir_slab":1,"minecraft:blaze_rod":2,"minecraft:obsidian":1,"minecraft:cobblestone":133,"orcz:orcteeth":5,"minecraft:feather":2,"minecraft:cooked_beef":6,"minecraft:andesite":36,"minecraft:brown_wool":1,"minecraft:lapis_lazuli":64,"travelersbackpack:magma_cube":1,"minecraft:dirt":149,"minecraft:twisting_vines":2,"minecraft:bone":17,"minecraft:bow":1,"minecraft:wheat_seeds":154,"minecraft:grindstone":1,"funmod:soul_gel":2,"travelersbackpack:gold":2,"minecraft:oak_planks":8,"minecraft:cooked_porkchop":8,"minecraft:sand":24,"dynamictrees:acacia_seed":1,"minecraft:ink_sac":9,"funmod:demonite_ore":24,"funmod:leafium_sword":2,"minecraft:diamond":12,"minecraft:granite":3,"minecraft:emerald":2,"minecraft:chainmail_helmet":2,"orcz:ironscrap":4,"minecraft:netherrack":77,"minecraft:crimson_roots":2,"funmod:insanity_shard":28,"minecraft:crafting_table":12,"byg:soapstone":4,"minecraft:chicken":1,"minecraft:wooden_pickaxe":1,"minecraft:gold_block":2,"minecraft:beef":14,"minecraft:poppy":1,"minecraft:light_gray_wool":1,"minecraft:lectern":1,"minecraft:sugar_cane":15,"minecraft:chest":2,"minecraft:egg":1,"spartanshields:shield_basic_iron":2,"minecraft:polished_blackstone_bricks":1,"minecraft:cookie":2,"minecraft:redstone":4,"byg:fir_planks":61,"minecraft:arrow":17,"dynamictrees:crimson_seed":1,"byg:fir_log":90,"minecraft:mutton":10,"minecraft:rail":64,"byg:rocky_stone":8,"minecraft:white_wool":4,"minecraft:basalt":1,"minecraft:leather":9,"minecraft:oak_log":3,"minecraft:gunpowder":4,"minecraft:white_banner":1,"minecraft:cooked_mutton":3,"byg:scoria_cobblestone":5,"minecraft:apple":3,"funmod:demonite_helmet":1,"minecraft:iron_ingot":17,"minecraft:stone_pickaxe":3,"minecraft:iron_ore":49,"minecraft:acacia_sapling":1,"minecraft:book":24,"minecraft:sweet_berries":54,"minecraft:dandelion":2,"minecraft:gravel":34,"minecraft:spruce_sapling":13,"travelersbackpack:wither":2,"minecraft:spruce_log":13,"minecraft:gold_ore":13,"minecraft:spider_eye":9,"funmod:l_essence_of_greed":160,"minecraft:purple_bed":1,"minecraft:stone_axe":2,"byg:palo_verde_log":6,"minecraft:warped_roots":1,"minecraft:baked_potato":3,"minecraft:melon_seeds":2,"minecraft:black_wool":1,"minecraft:warped_nylium":3,"minecraft:coal":104,"minecraft:ender_pearl":1},"minecraft:used":{"funmod:leafium_axe":41,"minecraft:chest":1,"minecraft:rotten_flesh":9,"minecraft:mutton":1,"minecraft:lava_bucket":8,"byg:fir_log":22,"minecraft:golden_sword":2,"minecraft:sweet_berries":66,"minecraft:furnace":13,"minecraft:egg":1,"minecraft:stone_pickaxe":84,"minecraft:wooden_pickaxe":6,"minecraft:melon_slice":55,"minecraft:bread":2,"minecraft:lectern":1,"tombstone:grave_key":3,"minecraft:fire_charge":1,"travelersbackpack:magma_cube":2,"minecraft:grindstone":1,"minecraft:stone_sword":72,"minecraft:flint_and_steel":10,"minecraft:spruce_planks":6,"minecraft:netherrack":20,"minecraft:torch":9,"minecraft:brewing_stand":1,"minecraft:dirt":78,"funmod:leafium_sword":224,"byg:aspen_crafting_table":1,"travelersbackpack:gold":9,"minecraft:golden_carrot":13,"securitycraft:dirt_mine":1,"tombstone:gift":4,"minecraft:cooked_beef":7,"minecraft:cooked_mutton":8,"minecraft:water_bucket":1,"byg:palo_verde_log":5,"minecraft:baked_potato":1,"travelersbackpack:wither":2,"minecraft:crafting_table":10,"minecraft:spruce_log":9,"minecraft:diamond_pickaxe":89,"minecraft:apple":3,"byg:fir_planks":67,"minecraft:diamond_shovel":82,"minecraft:iron_pickaxe":277,"spartanshields:shield_tower_diamond":4,"spartanshields:shield_basic_iron":71,"minecraft:stone_axe":47,"minecraft:purple_bed":1,"minecraft:cobblestone":71,"travelersbackpack:standard":4,"minecraft:porkchop":1,"minecraft:cooked_porkchop":9,"byg:scoria_cobblestone":1,"minecraft:bucket":11},"minecraft:dropped":{"minecraft:birch_planks":24,"minecraft:porkchop":1,"minecraft:oak_log":3,"minecraft:baked_potato":2,"minecraft:crafting_table":1,"minecraft:crossbow":1,"minecraft:cookie":2,"minecraft:warped_roots":1,"minecraft:leather":4,"minecraft:rail":10,"byg:fir_boat":2,"minecraft:emerald":2,"minecraft:dirt":14,"minecraft:crimson_roots":2,"minecraft:gilded_blackstone":5,"minecraft:gold_nugget":9,"minecraft:sand":8,"minecraft:polished_blackstone_bricks":1,"minecraft:iron_pickaxe":2,"byg:scoria_cobblestone":4,"minecraft:bone":15,"minecraft:gravel":34,"minecraft:stone_axe":2,"minecraft:sugar_cane":12,"minecraft:golden_chestplate":2,"minecraft:twisting_vines":2,"minecraft:wheat":5,"minecraft:obsidian":4,"tombstone:gift":3,"minecraft:rotten_flesh":10,"minecraft:oak_planks":8,"byg:palo_verde_sapling":4,"minecraft:poppy":1,"byg:rocky_stone":8,"minecraft:melon_seeds":2,"funmod:l_essence_of_greed":65,"minecraft:acacia_sapling":1,"minecraft:chest":1,"minecraft:chainmail_boots":3,"minecraft:basalt":1,"minecraft:arrow":26,"minecraft:glass":4,"minecraft:netherrack":38,"minecraft:golden_boots":1,"minecraft:iron_ingot":1,"minecraft:wheat_seeds":13,"minecraft:oak_fence":1,"minecraft:lead":2,"minecraft:feather":2,"minecraft:cobblestone":10,"minecraft:granite":3,"byg:fir_sapling":5,"minecraft:chainmail_helmet":2,"minecraft:coal":18,"minecraft:stick":5,"byg:cattail":1,"minecraft:diorite":87,"minecraft:golden_carrot":1,"minecraft:ink_sac":6,"minecraft:torch":7,"tombstone:grave_key":3,"byg:soapstone":4,"minecraft:brown_wool":1,"tombstone:grave_dust":6,"minecraft:iron_leggings":1,"funmod:crimsonite_ingot":14,"minecraft:string":48,"minecraft:spruce_sapling":8,"minecraft:dandelion":3,"minecraft:furnace":2,"dynamictrees:crimson_seed":1,"minecraft:sweet_berries":4,"minecraft:warped_nylium":2,"minecraft:stone_sword":2,"byg:fir_planks":50,"minecraft:light_gray_wool":1,"minecraft:iron_boots":1,"minecraft:spruce_planks":23,"byg:aspen_sapling":2,"minecraft:iron_chestplate":1,"minecraft:andesite":36,"minecraft:golden_leggings":1,"minecraft:golden_sword":1,"minecraft:spider_eye":9,"minecraft:bow":1,"minecraft:wooden_pickaxe":1,"minecraft:stone_pickaxe":4,"minecraft:black_wool":1}},"DataVersion":2586}