{"stats":{"minecraft:killed_by":{"minecraft:player":1},"minecraft:mined":{"minecraft:spruce_leaves":2,"minecraft:spruce_log":6},"minecraft:custom":{"minecraft:time_since_rest":1821,"minecraft:crouch_one_cm":603,"minecraft:play_one_minute":11630,"minecraft:damage_taken":810,"minecraft:sprint_one_cm":14020,"minecraft:deaths":2,"minecraft:walk_one_cm":11598,"minecraft:sneak_time":355,"minecraft:walk_under_water_one_cm":1785,"minecraft:jump":56,"minecraft:leave_game":7,"minecraft:time_since_death":4220,"minecraft:walk_on_water_one_cm":2011,"minecraft:swim_one_cm":17063,"minecraft:interact_with_crafting_table":1,"minecraft:fall_one_cm":209,"minecraft:fly_one_cm":8724},"minecraft:crafted":{"minecraft:crafting_table":1,"minecraft:spruce_planks":24,"minecraft:stick":4,"minecraft:wooden_pickaxe":1},"minecraft:picked_up":{"spartanshields:shield_basic_iron":1,"minecraft:spruce_sapling":1,"minecraft:spruce_log":6}},"DataVersion":2586}