{"stats":{"minecraft:custom":{"minecraft:time_since_rest":896,"minecraft:play_one_minute":19156,"minecraft:crouch_one_cm":647,"minecraft:damage_taken":1130,"minecraft:sprint_one_cm":14020,"minecraft:walk_one_cm":15305,"minecraft:deaths":3,"minecraft:sneak_time":355,"minecraft:walk_under_water_one_cm":1785,"minecraft:jump":63,"minecraft:damage_dealt":10,"minecraft:leave_game":10,"minecraft:time_since_death":3295,"minecraft:walk_on_water_one_cm":2011,"minecraft:swim_one_cm":17063,"minecraft:interact_with_crafting_table":1,"minecraft:fall_one_cm":209,"minecraft:fly_one_cm":9971},"minecraft:killed_by":{"minecraft:player":1},"minecraft:picked_up":{"spartanshields:shield_basic_iron":1,"minecraft:spruce_sapling":1,"minecraft:spruce_log":6},"minecraft:mined":{"minecraft:large_fern":2,"minecraft:grass":1,"minecraft:spruce_leaves":2,"minecraft:spruce_log":6},"minecraft:crafted":{"minecraft:crafting_table":1,"minecraft:spruce_planks":24,"minecraft:stick":4,"minecraft:wooden_pickaxe":1}},"DataVersion":2586}